pokedexNumber,pokemon,form,originRegionToCatchIn,originGamesToCatchIn,notes
1,Bulbasaur,,Kanto,Red/Blue/Yellow/LG: Pikachu/LG: Eevee,
2,Ivysaur,,Kanto,Red/Blue/Yellow/LG: Pikachu/LG: Eevee,
3,Venusaur,,Kanto,Red/Blue/Yellow/LG: Pikachu/LG: Eevee,
3,Venusaur,Female,Kanto,Red/Blue/Yellow/LG: Pikachu/LG: Eevee,
4,Charmander,,Kanto,Red/Blue/Yellow/LG: Pikachu/LG: Eevee,
5,Charmeleon,,Kanto,Red/Blue/Yellow/LG: Pikachu/LG: Eevee,
6,Charizard,,Kanto,Red/Blue/Yellow/LG: Pikachu/LG: Eevee,
7,Squirtle,,Kanto,Red/Blue/Yellow/LG: Pikachu/LG: Eevee,
8,Wartortle,,Kanto,Red/Blue/Yellow/LG: Pikachu/LG: Eevee,
9,Blastoise,,Kanto,Red/Blue/Yellow/LG: Pikachu/LG: Eevee,
10,Caterpie,,Kanto,Red/Blue/Yellow/LG: Pikachu/LG: Eevee,
11,Metapod,,Kanto,Red/Blue/Yellow/LG: Pikachu/LG: Eevee,
12,Butterfree,,Kanto,Red/Blue/Yellow/LG: Pikachu/LG: Eevee,
12,Butterfree,Female,Kanto,Red/Blue/Yellow/LG: Pikachu/LG: Eevee,
13,Weedle,,Kanto,Red/Blue/LG: Pikachu/LG: Eevee,
14,Kakuna,,Kanto,Red/Blue/LG: Pikachu/LG: Eevee,
15,Beedrill,,Kanto,Red/Blue/LG: Pikachu/LG: Eevee,
16,Pidgey,,Kanto,Red/Blue/Yellow/LG: Pikachu/LG: Eevee,
17,Pidgeotto,,Kanto,Red/Blue/Yellow/LG: Pikachu/LG: Eevee,
18,Pidgeot,,Kanto,Red/Blue/Yellow/LG: Pikachu/LG: Eevee,
19,Rattata,,Kanto,Red/Blue/Yellow/LG: Pikachu/LG: Eevee,
19,Rattata,Female,Kanto,Red/Blue/Yellow/LG: Pikachu/LG: Eevee,
19,Rattata,Alolan,Alola,Sun/Moon/Ultra Sun/Ultra Moon,
20,Raticate,,Kanto,Red/Blue/Yellow/LG: Pikachu/LG: Eevee,
20,Raticate,Female,Kanto,Red/Blue/Yellow/LG: Pikachu/LG: Eevee,
20,Raticate,Alolan,Alola,Sun/Moon/Ultra Sun/Ultra Moon,
21,Spearow,,Kanto,Red/Blue/Yellow/LG: Pikachu/LG: Eevee,
22,Fearow,,Kanto,Red/Blue/Yellow/LG: Pikachu/LG: Eevee,
23,Ekans,,Kanto,Red/Blue/LG: Eevee,
24,Arbok,,Kanto,Red/Blue/LG: Eevee,
25,Pikachu,,Kanto,Red/Blue/Yellow/LG: Pikachu/LG: Eevee,Catch 2 (one for Alola)
25,Pikachu,Female,Kanto,Red/Blue/Yellow/LG: Pikachu/LG: Eevee,
25,Pikachu,Original Cap,Alola,Sun/Moon/Ultra Sun/Ultra Moon,
25,Pikachu,Hoenn Cap,Alola,Sun/Moon/Ultra Sun/Ultra Moon,
25,Pikachu,Sinnoh Cap,Alola,Sun/Moon/Ultra Sun/Ultra Moon,
25,Pikachu,Unova Cap,Alola,Sun/Moon/Ultra Sun/Ultra Moon,
25,Pikachu,Kalos Cap,Alola,Sun/Moon/Ultra Sun/Ultra Moon,
25,Pikachu,Alola Cap,Alola,Sun/Moon/Ultra Sun/Ultra Moon,
25,Pikachu,Partner Cap,Galar,Sword/Shield,
25,Pikachu,World Cap,Galar,Sword/Shield,
26,Raichu,,Kanto,Red/Blue/Yellow/LG: Pikachu/LG: Eevee,
26,Raichu,Female,Kanto,Red/Blue/Yellow/LG: Pikachu/LG: Eevee,
26,Raichu,Alolan,Kanto,Red/Blue/Yellow/LG: Pikachu/LG: Eevee,
27,Sandshrew,,Kanto,Blue/Yellow/LG: Pikachu,
27,Sandshrew,Alolan,Alola,Moon/Ultra Moon,
28,Sandslash,,Kanto,Blue/Yellow/LG: Pikachu,
28,Sandslash,Alolan,Alola,Moon/Ultra Moon,
29,Nidoran♀,,Kanto,Red/Blue/Yellow/LG: Pikachu/LG: Eevee,
30,Nidorina,,Kanto,Red/Blue/Yellow/LG: Pikachu/LG: Eevee,
31,Nidoqueen,,Kanto,Red/Blue/Yellow/LG: Pikachu/LG: Eevee,
32,Nidoran♂,,Kanto,Red/Blue/Yellow/LG: Pikachu/LG: Eevee,
33,Nidorino,,Kanto,Red/Blue/Yellow/LG: Pikachu/LG: Eevee,
34,Nidoking,,Kanto,Red/Blue/Yellow/LG: Pikachu/LG: Eevee,
35,Clefairy,,Kanto,Red/Blue/Yellow/LG: Pikachu/LG: Eevee,
36,Clefable,,Kanto,Red/Blue/Yellow/LG: Pikachu/LG: Eevee,
37,Vulpix,,Kanto,Blue/Yellow/LG: Eevee,
37,Vulpix,Alolan,Alola,Sun/Ultra Sun,
38,Ninetales,,Kanto,Blue/Yellow/LG: Eevee,
38,Ninetales,Alolan,Alola,Sun/Ultra Sun,
39,Jigglypuff,,Kanto,Red/Blue/Yellow/LG: Pikachu/LG: Eevee,
40,Wigglytuff,,Kanto,Red/Blue/Yellow/LG: Pikachu/LG: Eevee,
41,Zubat,,Kanto,Red/Blue/Yellow/LG: Pikachu/LG: Eevee,Catch 2 (one for Crobat)
41,Zubat,Female,Kanto,Red/Blue/Yellow/LG: Pikachu/LG: Eevee,
42,Golbat,,Kanto,Red/Blue/Yellow/LG: Pikachu/LG: Eevee,
42,Golbat,Female,Kanto,Red/Blue/Yellow/LG: Pikachu/LG: Eevee,
43,Oddish,,Kanto,Red/Yellow/LG: Pikachu,Catch 2 (one for Bellossom)
44,Gloom,,Kanto,Red/Yellow/LG: Pikachu,
44,Gloom,Female,Kanto,Red/Yellow/LG: Pikachu,
45,Vileplume,,Kanto,Red/Yellow/LG: Pikachu,
45,Vileplume,Female,Kanto,Red/Yellow/LG: Pikachu,
46,Paras,,Kanto,Red/Blue/Yellow/LG: Pikachu/LG: Eevee,
47,Parasect,,Kanto,Red/Blue/Yellow/LG: Pikachu/LG: Eevee,
48,Venonat,,Kanto,Red/Blue/Yellow/LG: Pikachu/LG: Eevee,
49,Venomoth,,Kanto,Red/Blue/Yellow/LG: Pikachu/LG: Eevee,
50,Diglett,,Kanto,Red/Blue/Yellow/LG: Pikachu/LG: Eevee,
50,Diglett,Alolan,Alola,Sun/Moon/Ultra Sun/Ultra Moon,
51,Dugtrio,,Kanto,Red/Blue/Yellow/LG: Pikachu/LG: Eevee,
51,Dugtrio,Alolan,Alola,Sun/Moon/Ultra Sun/Ultra Moon,
52,Meowth,,Kanto,Blue/LG: Eevee,
52,Meowth,Alolan,Alola,Sun/Moon/Ultra Sun/Ultra Moon,
52,Meowth,Galarian,Galar,Sword/Shield,
53,Persian,,Kanto,Blue/LG: Eevee,
53,Persian,Alolan,Alola,Sun/Moon/Ultra Sun/Ultra Moon,
54,Psyduck,,Kanto,Red/Blue/Yellow/LG: Pikachu/LG: Eevee,
55,Golduck,,Kanto,Red/Blue/Yellow/LG: Pikachu/LG: Eevee,
56,Mankey,,Kanto,Red/Yellow/LG: Pikachu,Catch 2 (one for Annihilape)
57,Primeape,,Kanto,Red/Yellow/LG: Pikachu,
58,Growlithe,,Kanto,Red/Yellow/LG: Pikachu,
58,Growlithe,Hisuian,Hisui,Legends: Arceus,
59,Arcanine,,Kanto,Red/Yellow/LG: Pikachu/LG: Eevee,
59,Arcanine,Hisuian,Hisui,Legends: Arceus,
60,Poliwag,,Kanto,Red/Blue/Yellow/LG: Pikachu/LG: Eevee,Catch 3 (Politoed both genders)
61,Poliwhirl,,Kanto,Red/Blue/Yellow/LG: Pikachu/LG: Eevee,
62,Poliwrath,,Kanto,Red/Blue/Yellow/LG: Pikachu/LG: Eevee,
63,Abra,,Kanto,Red/Blue/Yellow/LG: Pikachu/LG: Eevee,
64,Kadabra,,Kanto,Red/Blue/Yellow/LG: Pikachu/LG: Eevee,
64,Kadabra,Female,Kanto,Red/Blue/Yellow/LG: Pikachu/LG: Eevee,
65,Alakazam,,Kanto,Red/Blue/Yellow/LG: Pikachu/LG: Eevee,
65,Alakazam,Female,Kanto,Red/Blue/Yellow/LG: Pikachu/LG: Eevee,
66,Machop,,Kanto,Red/Blue/Yellow/LG: Pikachu/LG: Eevee,
67,Machoke,,Kanto,Red/Blue/Yellow/LG: Pikachu/LG: Eevee,
68,Machamp,,Kanto,Red/Blue/Yellow/LG: Pikachu/LG: Eevee,
69,Bellsprout,,Kanto,Blue/Yellow/LG: Eevee,
70,Weepinbell,,Kanto,Blue/Yellow/LG: Eevee,
71,Victreebel,,Kanto,Blue/Yellow/LG: Eevee,
72,Tentacool,,Kanto,Red/Blue/Yellow/LG: Pikachu/LG: Eevee,
73,Tentacruel,,Kanto,Red/Blue/Yellow/LG: Pikachu/LG: Eevee,
74,Geodude,,Kanto,Red/Blue/Yellow/LG: Pikachu/LG: Eevee,
74,Geodude,Alolan,Alola,Sun/Moon/Ultra Sun/Ultra Moon,
75,Graveler,,Kanto,Red/Blue/Yellow/LG: Pikachu/LG: Eevee,
75,Graveler,Alolan,Alola,Sun/Moon/Ultra Sun/Ultra Moon,
76,Golem,,Kanto,Red/Blue/Yellow/LG: Pikachu/LG: Eevee,
76,Golem,Alolan,Alola,Sun/Moon/Ultra Sun/Ultra Moon,
77,Ponyta,,Kanto,Red/Blue/Yellow/LG: Pikachu/LG: Eevee,
77,Ponyta,Galarian,Galar,Shield,
78,Rapidash,,Kanto,Red/Blue/Yellow/LG: Pikachu/LG: Eevee,
78,Rapidash,Galarian,Galar,Shield,
79,Slowpoke,,Kanto,Red/Blue/Yellow/LG: Pikachu/LG: Eevee,Catch 2 (one for slowking)
79,Slowpoke,Galarian,Galar,Sword/Shield,
80,Slowbro,,Kanto,Red/Blue/Yellow/LG: Pikachu/LG: Eevee,
80,Slowbro,Galarian,Galar,Sword/Shield,
81,Magnemite,,Kanto,Red/Blue/Yellow/LG: Pikachu/LG: Eevee,Catch 2 (one for Magnezone)
82,Magneton,,Kanto,Red/Blue/Yellow/LG: Pikachu/LG: Eevee,
83,Farfetch’d,,Kanto,Red/Blue/Yellow/LG: Pikachu/LG: Eevee,
83,Farfetch’d,Galarian,Galar,Sword,
84,Doduo,,Kanto,Red/Blue/Yellow/LG: Pikachu/LG: Eevee,
84,Doduo,Female,Kanto,Red/Blue/Yellow/LG: Pikachu/LG: Eevee,
85,Dodrio,,Kanto,Red/Blue/Yellow/LG: Pikachu/LG: Eevee,
85,Dodrio,Female,Kanto,Red/Blue/Yellow/LG: Pikachu/LG: Eevee,
86,Seel,,Kanto,Red/Blue/Yellow/LG: Pikachu/LG: Eevee,
87,Dewgong,,Kanto,Red/Blue/Yellow/LG: Pikachu/LG: Eevee,
88,Grimer,,Kanto,Red/Blue/Yellow/LG: Pikachu,
88,Grimer,Alolan,Alola,Ultra Sun,
89,Muk,,Kanto,Red/Blue/Yellow/LG: Pikachu,
89,Muk,Alolan,Alola,Ultra Sun,
90,Shellder,,Kanto,Red/Blue/Yellow/LG: Pikachu/LG: Eevee,
91,Cloyster,,Kanto,Red/Blue/Yellow/LG: Pikachu/LG: Eevee,
92,Gastly,,Kanto,Red/Blue/Yellow/LG: Pikachu/LG: Eevee,
93,Haunter,,Kanto,Red/Blue/Yellow/LG: Pikachu/LG: Eevee,
94,Gengar,,Kanto,Red/Blue/Yellow/LG: Pikachu/LG: Eevee,
95,Onix,,Kanto,Red/Blue/Yellow/LG: Pikachu/LG: Eevee,Catch 3 (Steelix male and female)
96,Drowzee,,Kanto,Red/Blue/Yellow/LG: Pikachu/LG: Eevee,
97,Hypno,,Kanto,Red/Blue/Yellow/LG: Pikachu/LG: Eevee,
97,Hypno,Female,Kanto,Red/Blue/Yellow/LG: Pikachu/LG: Eevee,
98,Krabby,,Kanto,Red/Blue/Yellow/LG: Pikachu/LG: Eevee,
99,Kingler,,Kanto,Red/Blue/Yellow/LG: Pikachu/LG: Eevee,
100,Voltorb,,Kanto,Red/Blue/Yellow/LG: Pikachu/LG: Eevee,
100,Voltorb,Hisuian,Hisui,Legends: Arceus,
101,Electrode,,Kanto,Red/Blue/Yellow/LG: Pikachu/LG: Eevee,
101,Electrode,Hisuian,Hisui,Legends: Arceus,
102,Exeggcute,,Kanto,Red/Blue/Yellow/LG: Pikachu/LG: Eevee,
103,Exeggutor,,Kanto,Red/Blue/Yellow/LG: Pikachu/LG: Eevee,
103,Exeggutor,Alolan,Kanto,Red/Blue/Yellow/LG: Pikachu/LG: Eevee,
104,Cubone,,Kanto,Red/Blue/Yellow/LG: Pikachu/LG: Eevee,Catch 2 (one for Alola)
105,Marowak,,Kanto,Red/Blue/Yellow/LG: Pikachu/LG: Eevee,
105,Marowak,Alolan,Kanto,Red/Blue/Yellow/LG: Pikachu/LG: Eevee,
106,Hitmonlee,,Kanto,Red/Blue/Yellow/LG: Pikachu/LG: Eevee,
107,Hitmonchan,,Kanto,Red/Blue/Yellow/LG: Pikachu/LG: Eevee,
108,Lickitung,,Kanto,Red/Blue/Yellow/LG: Pikachu/LG: Eevee,Catch 2 (one for Lickilicky)
109,Koffing,,Kanto,Red/Blue/LG: Eevee,Catch 2 (one for Galar)
110,Weezing,,Kanto,Red/Blue/LG: Eevee,
110,Weezing,Galarian,Kanto,Red/Blue/LG: Eevee,
111,Rhyhorn,,Kanto,Red/Blue/Yellow/LG: Pikachu/LG: Eevee,Catch 2 (one for Rhyperior)
111,Rhyhorn,Female,Kanto,Red/Blue/Yellow/LG: Pikachu/LG: Eevee,Female Catch 2 (one for Rhyperior)
112,Rhydon,,Kanto,Red/Blue/Yellow/LG: Pikachu/LG: Eevee,
112,Rhydon,Female,Kanto,Red/Blue/Yellow/LG: Pikachu/LG: Eevee,
113,Chansey,,Kanto,Red/Blue/Yellow/LG: Pikachu/LG: Eevee,Catch 2 (one for Blissey)
114,Tangela,,Kanto,Red/Blue/Yellow/LG: Pikachu/LG: Eevee,Catch 3 (Tangrowth both genders)
115,Kangaskhan,,Kanto,Red/Blue/Yellow/LG: Pikachu/LG: Eevee,
116,Horsea,,Kanto,Red/Blue/Yellow/LG: Pikachu/LG: Eevee,Catch 2 (one for Kingdra)
117,Seadra,,Kanto,Red/Blue/Yellow/LG: Pikachu/LG: Eevee,
118,Goldeen,,Kanto,Red/Blue/Yellow/LG: Pikachu/LG: Eevee,
118,Goldeen,Female,Kanto,Red/Blue/Yellow/LG: Pikachu/LG: Eevee,
119,Seaking,,Kanto,Red/Blue/Yellow/LG: Pikachu/LG: Eevee,
119,Seaking,Female,Kanto,Red/Blue/Yellow/LG: Pikachu/LG: Eevee,
120,Staryu,,Kanto,Red/Blue/Yellow/LG: Pikachu/LG: Eevee,
121,Starmie,,Kanto,Red/Blue/Yellow/LG: Pikachu/LG: Eevee,
122,Mr. Mime,,Kanto,Red/Blue/Yellow/LG: Pikachu/LG: Eevee,
122,Mr. Mime,Galarian,Galar,Sword/Shield,
123,Scyther,,Kanto,Red/Yellow/LG: Pikachu,Catch 3 (one each for Scizor and Kleavor)
123,Scyther,Female,Kanto,Red/Yellow/LG: Pikachu,Female Catch 2 (one for scizor)
124,Jynx,,Kanto,Red/Blue/LG: Pikachu/LG: Eevee,
125,Electabuzz,,Kanto,Red/LG: Pikachu/LG: Eevee,Catch 2 (one for Electrivire)
126,Magmar,,Kanto,Blue/LG: Pikachu/LG: Eevee,Catch 2 (one for Magmortar)
127,Pinsir,,Kanto,Blue/Yellow/LG: Eevee,
128,Tauros,,Kanto,Red/Blue/Yellow/LG: Pikachu/LG: Eevee,
128,Tauros,Paldean,Paldea,Scarlet/Violet,
128,Tauros,Paldean-Fire,Paldea,Scarlet,
128,Tauros,Paldean-Water,Paldea,Violet,
129,Magikarp,,Kanto,Red/Blue/Yellow/LG: Pikachu/LG: Eevee,
129,Magikarp,Female,Kanto,Red/Blue/Yellow/LG: Pikachu/LG: Eevee,
130,Gyarados,,Kanto,Red/Blue/Yellow/LG: Pikachu/LG: Eevee,
130,Gyarados,Female,Kanto,Red/Blue/Yellow/LG: Pikachu/LG: Eevee,
131,Lapras,,Kanto,Red/Blue/Yellow/LG: Pikachu/LG: Eevee,
132,Ditto,,Kanto,Red/Blue/Yellow/LG: Pikachu/LG: Eevee,
133,Eevee,,Kanto,Red/Blue/Yellow/LG: Pikachu/LG: Eevee,Catch 9 (one each for Eeveelutions)
133,Eevee,Female,Kanto,Red/Blue/Yellow/LG: Pikachu/LG: Eevee,
134,Vaporeon,,Kanto,Red/Blue/Yellow/LG: Pikachu/LG: Eevee,
135,Jolteon,,Kanto,Red/Blue/Yellow/LG: Pikachu/LG: Eevee,
136,Flareon,,Kanto,Red/Blue/Yellow/LG: Pikachu/LG: Eevee,
137,Porygon,,Kanto,Red/Blue/Yellow/LG: Pikachu/LG: Eevee,
138,Omanyte,,Kanto,Red/Blue/Yellow/LG: Pikachu/LG: Eevee,
139,Omastar,,Kanto,Red/Blue/Yellow/LG: Pikachu/LG: Eevee,
140,Kabuto,,Kanto,Red/Blue/Yellow/LG: Pikachu/LG: Eevee,
141,Kabutops,,Kanto,Red/Blue/Yellow/LG: Pikachu/LG: Eevee,
142,Aerodactyl,,Kanto,Red/Blue/Yellow/LG: Pikachu/LG: Eevee,
143,Snorlax,,Kanto,Red/Blue/Yellow/LG: Pikachu/LG: Eevee,
144,Articuno,,Kanto,Red/Blue/Yellow/LG: Pikachu/LG: Eevee,
144,Articuno,Galarian,Galar,Sword/Shield,
145,Zapdos,,Kanto,Red/Blue/Yellow/LG: Pikachu/LG: Eevee,
145,Zapdos,Galarian,Galar,Sword/Shield,
146,Moltres,,Kanto,Red/Blue/Yellow/LG: Pikachu/LG: Eevee,
146,Moltres,Galarian,Galar,Sword/Shield,
147,Dratini,,Kanto,Red/Blue/Yellow/LG: Pikachu/LG: Eevee,
148,Dragonair,,Kanto,Red/Blue/Yellow/LG: Pikachu/LG: Eevee,
149,Dragonite,,Kanto,Red/Blue/Yellow/LG: Pikachu/LG: Eevee,
150,Mewtwo,,Kanto,Red/Blue/Yellow/LG: Pikachu/LG: Eevee,
151,Mew,,Kanto,Red/Blue/Yellow/LG: Pikachu/LG: Eevee,
152,Chikorita,,Johto,Gold/Silver/Crystal/Heart Gold/Soul Silver,
153,Bayleef,,Johto,Gold/Silver/Crystal/Heart Gold/Soul Silver,
154,Meganium,,Johto,Gold/Silver/Crystal/Heart Gold/Soul Silver,
154,Meganium,Female,Johto,Gold/Silver/Crystal/Heart Gold/Soul Silver,
155,Cyndaquil,,Johto,Gold/Silver/Crystal/Heart Gold/Soul Silver,
156,Quilava,,Johto,Gold/Silver/Crystal/Heart Gold/Soul Silver,
157,Typhlosion,,Johto,Gold/Silver/Crystal/Heart Gold/Soul Silver,
157,Typhlosion,Hisuian,Johto,Gold/Silver/Crystal/Heart Gold/Soul Silver,
158,Totodile,,Johto,Gold/Silver/Crystal/Heart Gold/Soul Silver,
159,Croconaw,,Johto,Gold/Silver/Crystal/Heart Gold/Soul Silver,
160,Feraligatr,,Johto,Gold/Silver/Crystal/Heart Gold/Soul Silver,
161,Sentret,,Johto,Gold/Silver/Crystal/Heart Gold/Soul Silver,
162,Furret,,Johto,Gold/Silver/Crystal/Heart Gold/Soul Silver,
163,Hoothoot,,Johto,Gold/Silver/Crystal/Heart Gold/Soul Silver,
164,Noctowl,,Johto,Gold/Silver/Crystal/Heart Gold/Soul Silver,
165,Ledyba,,Johto,Silver/Crystal/Soul Silver,
165,Ledyba,Female,Johto,Silver/Crystal/Soul Silver,
166,Ledian,,Johto,Silver/Crystal/Soul Silver,
166,Ledian,Female,Johto,Silver/Crystal/Soul Silver,
167,Spinarak,,Johto,Gold/Crystal/Heart Gold,
168,Ariados,,Johto,Gold/Crystal/Heart Gold,
169,Crobat,,Kanto,Red/Blue/Yellow/LG: Pikachu/LG: Eevee,
170,Chinchou,,Johto,Gold/Silver/Crystal/Heart Gold/Soul Silver,
171,Lanturn,,Johto,Gold/Silver/Crystal/Heart Gold/Soul Silver,
172,Pichu,,Johto,Gold/Silver/Crystal/Heart Gold/Soul Silver,
173,Cleffa,,Johto,Gold/Silver/Crystal/Heart Gold/Soul Silver,
174,Igglybuff,,Johto,Gold/Silver/Crystal/Heart Gold/Soul Silver,
175,Togepi,,Johto,Gold/Silver/Crystal/Heart Gold/Soul Silver,Catch 2 (one for togekiss)
176,Togetic,,Johto,Gold/Silver/Crystal/Heart Gold/Soul Silver,
177,Natu,,Johto,Gold/Silver/Crystal/Heart Gold/Soul Silver,
178,Xatu,,Johto,Gold/Silver/Crystal/Heart Gold/Soul Silver,
178,Xatu,Female,Johto,Gold/Silver/Crystal/Heart Gold/Soul Silver,
179,Mareep,,Johto,Gold/Silver/Heart Gold/Soul Silver,
180,Flaaffy,,Johto,Gold/Silver/Heart Gold/Soul Silver,
181,Ampharos,,Johto,Gold/Silver/Heart Gold/Soul Silver,
182,Bellossom,,Kanto,Red/Yellow/LG: Pikachu,
183,Marill,,Johto,Gold/Silver/Crystal/Heart Gold/Soul Silver,
184,Azumarill,,Johto,Gold/Silver/Crystal/Heart Gold/Soul Silver,
185,Sudowoodo,,Johto,Gold/Silver/Crystal/Heart Gold/Soul Silver,
185,Sudowoodo,Female,Johto,Gold/Silver/Crystal/Heart Gold/Soul Silver,
186,Politoed,,Kanto,Red/Blue/Yellow/LG: Pikachu/LG: Eevee,
186,Politoed,Female,Kanto,Red/Blue/Yellow/LG: Pikachu/LG: Eevee,
187,Hoppip,,Johto,Gold/Silver/Crystal/Heart Gold/Soul Silver,
188,Skiploom,,Johto,Gold/Silver/Crystal/Heart Gold/Soul Silver,
189,Jumpluff,,Johto,Gold/Silver/Crystal/Heart Gold/Soul Silver,
190,Aipom,,Johto,Gold/Silver/Crystal/Heart Gold/Soul Silver,Catch 2 (one for ambipom)
190,Aipom,Female,Johto,Gold/Silver/Crystal/Heart Gold/Soul Silver,Female Catch 2 (one for ambipom)
191,Sunkern,,Johto,Gold/Silver/Crystal/Heart Gold/Soul Silver,
192,Sunflora,,Johto,Gold/Silver/Crystal/Heart Gold/Soul Silver,
193,Yanma,,Johto,Gold/Silver/Crystal/Heart Gold/Soul Silver,Catch 2 (one for Yanmega)
194,Wooper,,Johto,Gold/Silver/Crystal/Heart Gold/Soul Silver,
194,Wooper,Female,Johto,Gold/Silver/Crystal/Heart Gold/Soul Silver,
194,Wooper,Paldean,Paldea,Scarlet/Violet,
195,Quagsire,,Johto,Gold/Silver/Crystal/Heart Gold/Soul Silver,
195,Quagsire,Female,Johto,Gold/Silver/Crystal/Heart Gold/Soul Silver,
196,Espeon,,Kanto,Red/Blue/Yellow/LG: Pikachu/LG: Eevee,
197,Umbreon,,Kanto,Red/Blue/Yellow/LG: Pikachu/LG: Eevee,
198,Murkrow,,Johto,Gold/Silver/Crystal/Heart Gold/Soul Silver,Catch 2 (one for Honchcrow)
198,Murkrow,Female,Johto,Gold/Silver/Crystal/Heart Gold/Soul Silver,
199,Slowking,,Kanto,Red/Blue/Yellow/LG: Pikachu/LG: Eevee,
199,Slowking,Galarian,Galar,Sword/Shield,
200,Misdreavus,,Johto,Gold/Silver/Crystal/Heart Gold/Soul Silver,Catch 2 (one for Mismagius)
201,Unown,A,Johto,Gold/Silver/Crystal/Heart Gold/Soul Silver,
201,Unown,B,Johto,Gold/Silver/Crystal/Heart Gold/Soul Silver,
201,Unown,C,Johto,Gold/Silver/Crystal/Heart Gold/Soul Silver,
201,Unown,D,Johto,Gold/Silver/Crystal/Heart Gold/Soul Silver,
201,Unown,E,Johto,Gold/Silver/Crystal/Heart Gold/Soul Silver,
201,Unown,F,Johto,Gold/Silver/Crystal/Heart Gold/Soul Silver,
201,Unown,G,Johto,Gold/Silver/Crystal/Heart Gold/Soul Silver,
201,Unown,H,Johto,Gold/Silver/Crystal/Heart Gold/Soul Silver,
201,Unown,I,Johto,Gold/Silver/Crystal/Heart Gold/Soul Silver,
201,Unown,J,Johto,Gold/Silver/Crystal/Heart Gold/Soul Silver,
201,Unown,K,Johto,Gold/Silver/Crystal/Heart Gold/Soul Silver,
201,Unown,L,Johto,Gold/Silver/Crystal/Heart Gold/Soul Silver,
201,Unown,M,Johto,Gold/Silver/Crystal/Heart Gold/Soul Silver,
201,Unown,N,Johto,Gold/Silver/Crystal/Heart Gold/Soul Silver,
201,Unown,O,Johto,Gold/Silver/Crystal/Heart Gold/Soul Silver,
201,Unown,P,Johto,Gold/Silver/Crystal/Heart Gold/Soul Silver,
201,Unown,Q,Johto,Gold/Silver/Crystal/Heart Gold/Soul Silver,
201,Unown,R,Johto,Gold/Silver/Crystal/Heart Gold/Soul Silver,
201,Unown,S,Johto,Gold/Silver/Crystal/Heart Gold/Soul Silver,
201,Unown,T,Johto,Gold/Silver/Crystal/Heart Gold/Soul Silver,
201,Unown,U,Johto,Gold/Silver/Crystal/Heart Gold/Soul Silver,
201,Unown,V,Johto,Gold/Silver/Crystal/Heart Gold/Soul Silver,
201,Unown,W,Johto,Gold/Silver/Crystal/Heart Gold/Soul Silver,
201,Unown,X,Johto,Gold/Silver/Crystal/Heart Gold/Soul Silver,
201,Unown,Y,Johto,Gold/Silver/Crystal/Heart Gold/Soul Silver,
201,Unown,Z,Johto,Gold/Silver/Crystal/Heart Gold/Soul Silver,
201,Unown,!,Johto,Heart Gold/Soul Silver/Heart Gold/Soul Silver,
201,Unown,?,Johto,Heart Gold/Soul Silver/Heart Gold/Soul Silver,
202,Wobbuffet,,Johto,Gold/Silver/Crystal/Heart Gold/Soul Silver,
202,Wobbuffet,Female,Johto,Gold/Silver/Crystal/Heart Gold/Soul Silver,
203,Girafarig,,Johto,Gold/Silver/Heart Gold/Soul Silver,Catch 2 (one for Farigiraf)
203,Girafarig,Female,Johto,Gold/Silver/Heart Gold/Soul Silver,
204,Pineco,,Johto,Gold/Silver/Crystal/Heart Gold/Soul Silver,
205,Forretress,,Johto,Gold/Silver/Crystal/Heart Gold/Soul Silver,
206,Dunsparce,,Johto,Gold/Silver/Crystal/Heart Gold/Soul Silver,Catch as many as you can (for Dudunsparce 2 and 3 segment)
207,Gligar,,Johto,Gold/Crystal/Heart Gold,Catch 2 (one for Gliscor)
207,Gligar,Female,Johto,Gold/Crystal/Heart Gold,
208,Steelix,,Kanto,Red/Blue/Yellow/LG: Pikachu/LG: Eevee,
208,Steelix,Female,Kanto,Red/Blue/Yellow/LG: Pikachu/LG: Eevee,
209,Snubbull,,Johto,Gold/Silver/Crystal/Heart Gold/Soul Silver,
210,Granbull,,Johto,Gold/Silver/Crystal/Heart Gold/Soul Silver,
211,Qwilfish,,Johto,Gold/Silver/Crystal/Heart Gold/Soul Silver,
211,Qwilfish,Hisuian,Hisui,Legends: Arceus,
212,Scizor,,Kanto,Red/Yellow/LG: Pikachu,
212,Scizor,Female,Kanto,Red/Yellow/LG: Pikachu,
213,Shuckle,,Johto,Gold/Silver/Crystal/Heart Gold/Soul Silver,
214,Heracross,,Johto,Gold/Silver/Crystal/Heart Gold/Soul Silver,
214,Heracross,Female,Johto,Gold/Silver/Crystal/Heart Gold/Soul Silver,
215,Sneasel,,Johto,Gold/Silver/Crystal/Heart Gold/Soul Silver,Catch 2 (one for Weavile)
215,Sneasel,Female,Johto,Gold/Silver/Crystal/Heart Gold/Soul Silver,Female Catch 2 (one for Weavile)
215,Sneasel,Hisuian,Hisui,Legends: Arceus,
215,Sneasel,Female-Hisuian,Hisui,Legends: Arceus,
216,Teddiursa,,Johto,Gold/Crystal/Soul Silver,
217,Ursaring,,Johto,Gold/Crystal/Soul Silver,Catch 2 (one for Ursaluna)
217,Ursaring,Female,Johto,Gold/Crystal/Soul Silver,
218,Slugma,,Johto,Gold/Silver/Crystal/Heart Gold/Soul Silver,
219,Magcargo,,Johto,Gold/Silver/Crystal/Heart Gold/Soul Silver,
220,Swinub,,Johto,Gold/Silver/Crystal/Heart Gold/Soul Silver,Catch 3 (Mamoswine Male and Female)
221,Piloswine,,Johto,Gold/Silver/Crystal/Heart Gold/Soul Silver,
221,Piloswine,Female,Johto,Gold/Silver/Crystal/Heart Gold/Soul Silver,
222,Corsola,,Johto,Gold/Silver/Crystal/Heart Gold/Soul Silver,
222,Corsola,Galarian,Galar,Shield,
223,Remoraid,,Johto,Gold/Silver/Heart Gold/Soul Silver,
224,Octillery,,Johto,Gold/Silver/Heart Gold/Soul Silver,
224,Octillery,Female,Johto,Gold/Silver/Heart Gold/Soul Silver,
225,Delibird,,Johto,Silver/Crystal/Soul Silver,
226,Mantine,,Johto,Gold/Crystal/Heart Gold,
227,Skarmory,,Johto,Silver/Crystal/Soul Silver,
228,Houndour,,Johto,Gold/Silver/Crystal/Heart Gold/Soul Silver,
229,Houndoom,,Johto,Gold/Silver/Crystal/Heart Gold/Soul Silver,
229,Houndoom,Female,Johto,Gold/Silver/Crystal/Heart Gold/Soul Silver,
230,Kingdra,,Kanto,Red/Blue/Yellow/LG: Pikachu/LG: Eevee,
231,Phanpy,,Johto,Silver/Crystal/Heart Gold,
232,Donphan,,Johto,Silver/Crystal/Heart Gold,
232,Donphan,Female,Johto,Silver/Crystal/Heart Gold,
233,Porygon2,,Kanto,Red/Blue/Yellow/LG: Pikachu/LG: Eevee,
234,Stantler,,Johto,Gold/Silver/Crystal/Heart Gold/Soul Silver,Catch 2 (one for Wyrdeer)
235,Smeargle,,Johto,Gold/Silver/Crystal/Heart Gold/Soul Silver,
236,Tyrogue,,Johto,Gold/Silver/Crystal/Heart Gold/Soul Silver,
237,Hitmontop,,Johto,Gold/Silver/Crystal/Heart Gold/Soul Silver,
238,Smoochum,,Johto,Gold/Silver/Crystal/Heart Gold/Soul Silver,
239,Elekid,,Johto,Gold/Silver/Crystal/Heart Gold/Soul Silver,
240,Magby,,Johto,Gold/Silver/Crystal/Heart Gold/Soul Silver,
241,Miltank,,Johto,Gold/Silver/Crystal/Heart Gold/Soul Silver,
242,Blissey,,Kanto,Red/Blue/Yellow/LG: Pikachu/LG: Eevee,
243,Raikou,,Johto,Gold/Silver/Crystal/Heart Gold/Soul Silver,
244,Entei,,Johto,Gold/Silver/Crystal/Heart Gold/Soul Silver,
245,Suicune,,Johto,Gold/Silver/Crystal/Heart Gold/Soul Silver,
246,Larvitar,,Johto,Gold/Silver/Crystal/Heart Gold/Soul Silver,
247,Pupitar,,Johto,Gold/Silver/Crystal/Heart Gold/Soul Silver,
248,Tyranitar,,Johto,Gold/Silver/Crystal/Heart Gold/Soul Silver,
249,Lugia,,Johto,Gold/Silver/Crystal/Heart Gold/Soul Silver,
250,Ho-Oh,,Johto,Gold/Silver/Crystal/Heart Gold/Soul Silver,
251,Celebi,,Johto,Crystal,
252,Treecko,,Hoenn,Ruby/Sapphire/Emerald/Omega Ruby/Alpha Sapphire,
253,Grovyle,,Hoenn,Ruby/Sapphire/Emerald/Omega Ruby/Alpha Sapphire,
254,Sceptile,,Hoenn,Ruby/Sapphire/Emerald/Omega Ruby/Alpha Sapphire,
255,Torchic,,Hoenn,Ruby/Sapphire/Emerald/Omega Ruby/Alpha Sapphire,
255,Torchic,Female,Hoenn,Ruby/Sapphire/Emerald/Omega Ruby/Alpha Sapphire,
256,Combusken,,Hoenn,Ruby/Sapphire/Emerald/Omega Ruby/Alpha Sapphire,
256,Combusken,Female,Hoenn,Ruby/Sapphire/Emerald/Omega Ruby/Alpha Sapphire,
257,Blaziken,,Hoenn,Ruby/Sapphire/Emerald/Omega Ruby/Alpha Sapphire,
257,Blaziken,Female,Hoenn,Ruby/Sapphire/Emerald/Omega Ruby/Alpha Sapphire,
258,Mudkip,,Hoenn,Ruby/Sapphire/Emerald/Omega Ruby/Alpha Sapphire,
259,Marshtomp,,Hoenn,Ruby/Sapphire/Emerald/Omega Ruby/Alpha Sapphire,
260,Swampert,,Hoenn,Ruby/Sapphire/Emerald/Omega Ruby/Alpha Sapphire,
261,Poochyena,,Hoenn,Ruby/Sapphire/Emerald/Omega Ruby/Alpha Sapphire,
262,Mightyena,,Hoenn,Ruby/Sapphire/Emerald/Omega Ruby/Alpha Sapphire,
263,Zigzagoon,,Hoenn,Ruby/Sapphire/Emerald/Omega Ruby/Alpha Sapphire,
263,Zigzagoon,Galarian,Galar,Sword/Shield,
264,Linoone,,Hoenn,Ruby/Sapphire/Emerald/Omega Ruby/Alpha Sapphire,
264,Linoone,Galarian,Galar,Sword/Shield,
265,Wurmple,,Hoenn,Ruby/Sapphire/Emerald/Omega Ruby/Alpha Sapphire,
266,Silcoon,,Hoenn,Ruby/Sapphire/Emerald/Omega Ruby/Alpha Sapphire,
267,Beautifly,male,Hoenn,Ruby/Sapphire/Emerald/Omega Ruby/Alpha Sapphire,
267,Beautifly,Female,Hoenn,Ruby/Sapphire/Emerald/Omega Ruby/Alpha Sapphire,
268,Cascoon,,Hoenn,Ruby/Sapphire/Emerald/Omega Ruby/Alpha Sapphire,
269,Dustox,,Hoenn,Ruby/Sapphire/Emerald/Omega Ruby/Alpha Sapphire,
269,Dustox,Female,Hoenn,Ruby/Sapphire/Emerald/Omega Ruby/Alpha Sapphire,
270,Lotad,,Hoenn,Sapphire/Emerald/Alpha Sapphire,
271,Lombre,,Hoenn,Sapphire/Emerald/Alpha Sapphire,
272,Ludicolo,,Hoenn,Sapphire/Emerald/Alpha Sapphire,
272,Ludicolo,Female,Hoenn,Sapphire/Emerald/Alpha Sapphire,
273,Seedot,,Hoenn,Ruby/Emerald/Omega Ruby,
274,Nuzleaf,,Hoenn,Ruby/Emerald/Omega Ruby,
274,Nuzleaf,Female,Hoenn,Ruby/Emerald/Omega Ruby,
275,Shiftry,,Hoenn,Ruby/Emerald/Omega Ruby,
275,Shiftry,Female,Hoenn,Ruby/Emerald/Omega Ruby,
276,Taillow,,Hoenn,Ruby/Sapphire/Emerald/Omega Ruby/Alpha Sapphire,
277,Swellow,,Hoenn,Ruby/Sapphire/Emerald/Omega Ruby/Alpha Sapphire,
278,Wingull,,Hoenn,Ruby/Sapphire/Emerald/Omega Ruby/Alpha Sapphire,
279,Pelipper,,Hoenn,Ruby/Sapphire/Emerald/Omega Ruby/Alpha Sapphire,
280,Ralts,,Hoenn,Ruby/Sapphire/Emerald/Omega Ruby/Alpha Sapphire,Catch 2 (one for gallade) (male)
281,Kirlia,,Hoenn,Ruby/Sapphire/Emerald/Omega Ruby/Alpha Sapphire,
282,Gardevoir,,Hoenn,Ruby/Sapphire/Emerald/Omega Ruby/Alpha Sapphire,
283,Surskit,,Hoenn,Ruby/Sapphire/Omega Ruby/Alpha Sapphire,
284,Masquerain,,Hoenn,Ruby/Sapphire/Omega Ruby/Alpha Sapphire,
285,Shroomish,,Hoenn,Ruby/Sapphire/Emerald/Omega Ruby/Alpha Sapphire,
286,Breloom,,Hoenn,Ruby/Sapphire/Emerald/Omega Ruby/Alpha Sapphire,
287,Slakoth,,Hoenn,Ruby/Sapphire/Emerald/Omega Ruby/Alpha Sapphire,
288,Vigoroth,,Hoenn,Ruby/Sapphire/Emerald/Omega Ruby/Alpha Sapphire,
289,Slaking,,Hoenn,Ruby/Sapphire/Emerald/Omega Ruby/Alpha Sapphire,
290,Nincada,,Hoenn,Ruby/Sapphire/Emerald/Omega Ruby/Alpha Sapphire,
291,Ninjask,,Hoenn,Ruby/Sapphire/Emerald/Omega Ruby/Alpha Sapphire,
292,Shedinja,,Hoenn,Ruby/Sapphire/Emerald/Omega Ruby/Alpha Sapphire,
293,Whismur,,Hoenn,Ruby/Sapphire/Emerald/Omega Ruby/Alpha Sapphire,
294,Loudred,,Hoenn,Ruby/Sapphire/Emerald/Omega Ruby/Alpha Sapphire,
295,Exploud,,Hoenn,Ruby/Sapphire/Emerald/Omega Ruby/Alpha Sapphire,
296,Makuhita,,Hoenn,Ruby/Sapphire/Emerald/Omega Ruby/Alpha Sapphire,
297,Hariyama,,Hoenn,Ruby/Sapphire/Emerald/Omega Ruby/Alpha Sapphire,
298,Azurill,,Hoenn,Ruby/Sapphire/Emerald/Omega Ruby/Alpha Sapphire,
299,Nosepass,,Hoenn,Ruby/Sapphire/Emerald/Omega Ruby/Alpha Sapphire,Catch 2 (one for probopass)
300,Skitty,,Hoenn,Ruby/Sapphire/Emerald/Omega Ruby/Alpha Sapphire,
301,Delcatty,,Hoenn,Ruby/Sapphire/Emerald/Omega Ruby/Alpha Sapphire,
302,Sableye,,Hoenn,Sapphire/Emerald/Alpha Sapphire,
303,Mawile,,Hoenn,Ruby/Emerald/Omega Ruby,
304,Aron,,Hoenn,Ruby/Sapphire/Emerald/Omega Ruby/Alpha Sapphire,
305,Lairon,,Hoenn,Ruby/Sapphire/Emerald/Omega Ruby/Alpha Sapphire,
306,Aggron,,Hoenn,Ruby/Sapphire/Emerald/Omega Ruby/Alpha Sapphire,
307,Meditite,,Hoenn,Ruby/Sapphire/Omega Ruby/Alpha Sapphire,
307,Meditite,Female,Hoenn,Ruby/Sapphire/Omega Ruby/Alpha Sapphire,
308,Medicham,,Hoenn,Ruby/Sapphire/Omega Ruby/Alpha Sapphire,
308,Medicham,Female,Hoenn,Ruby/Sapphire/Omega Ruby/Alpha Sapphire,
309,Electrike,,Hoenn,Ruby/Sapphire/Emerald/Omega Ruby/Alpha Sapphire,
310,Manectric,,Hoenn,Ruby/Sapphire/Emerald/Omega Ruby/Alpha Sapphire,
311,Plusle,,Hoenn,Ruby/Sapphire/Emerald/Omega Ruby/Alpha Sapphire,
312,Minun,,Hoenn,Ruby/Sapphire/Emerald/Omega Ruby/Alpha Sapphire,
313,Volbeat,,Hoenn,Ruby/Sapphire/Emerald/Omega Ruby/Alpha Sapphire,
314,Illumise,,Hoenn,Ruby/Sapphire/Emerald/Omega Ruby/Alpha Sapphire,
315,Roselia,,Hoenn,Ruby/Sapphire/Omega Ruby/Alpha Sapphire,
315,Roselia,Female,Hoenn,Ruby/Sapphire/Omega Ruby/Alpha Sapphire,Female Catch 2 (one for roserade)
316,Gulpin,male,Hoenn,Ruby/Sapphire/Emerald/Omega Ruby/Alpha Sapphire,
316,Gulpin,Female,Hoenn,Ruby/Sapphire/Emerald/Omega Ruby/Alpha Sapphire,
317,Swalot,male,Hoenn,Ruby/Sapphire/Emerald/Omega Ruby/Alpha Sapphire,
317,Swalot,Female,Hoenn,Ruby/Sapphire/Emerald/Omega Ruby/Alpha Sapphire,
318,Carvanha,,Hoenn,Ruby/Sapphire/Emerald/Omega Ruby/Alpha Sapphire,
319,Sharpedo,,Hoenn,Ruby/Sapphire/Emerald/Omega Ruby/Alpha Sapphire,
320,Wailmer,,Hoenn,Ruby/Sapphire/Emerald/Omega Ruby/Alpha Sapphire,
321,Wailord,,Hoenn,Ruby/Sapphire/Emerald/Omega Ruby/Alpha Sapphire,
322,Numel,,Hoenn,Ruby/Sapphire/Emerald/Omega Ruby/Alpha Sapphire,
322,Numel,Female,Hoenn,Ruby/Sapphire/Emerald/Omega Ruby/Alpha Sapphire,
323,Camerupt,,Hoenn,Ruby/Sapphire/Emerald/Omega Ruby/Alpha Sapphire,
323,Camerupt,Female,Hoenn,Ruby/Sapphire/Emerald/Omega Ruby/Alpha Sapphire,
324,Torkoal,,Hoenn,Ruby/Sapphire/Emerald/Omega Ruby/Alpha Sapphire,
325,Spoink,,Hoenn,Ruby/Sapphire/Emerald/Omega Ruby/Alpha Sapphire,
326,Grumpig,,Hoenn,Ruby/Sapphire/Emerald/Omega Ruby/Alpha Sapphire,
327,Spinda,,Hoenn,Ruby/Sapphire/Emerald/Omega Ruby/Alpha Sapphire,
328,Trapinch,,Hoenn,Ruby/Sapphire/Emerald/Omega Ruby/Alpha Sapphire,
329,Vibrava,,Hoenn,Ruby/Sapphire/Emerald/Omega Ruby/Alpha Sapphire,
330,Flygon,,Hoenn,Ruby/Sapphire/Emerald/Omega Ruby/Alpha Sapphire,
331,Cacnea,,Hoenn,Ruby/Sapphire/Emerald/Omega Ruby/Alpha Sapphire,
332,Cacturne,,Hoenn,Ruby/Sapphire/Emerald/Omega Ruby/Alpha Sapphire,
332,Cacturne,Female,Hoenn,Ruby/Sapphire/Emerald/Omega Ruby/Alpha Sapphire,
333,Swablu,,Hoenn,Ruby/Sapphire/Emerald/Omega Ruby/Alpha Sapphire,
334,Altaria,,Hoenn,Ruby/Sapphire/Emerald/Omega Ruby/Alpha Sapphire,
335,Zangoose,,Hoenn,Ruby/Omega Ruby,
336,Seviper,,Hoenn,Sapphire/Emerald/Alpha Sapphire,
337,Lunatone,,Hoenn,Sapphire/Alpha Sapphire,
338,Solrock,,Hoenn,Ruby/Emerald/Omega Ruby,
339,Barboach,,Hoenn,Ruby/Sapphire/Emerald/Omega Ruby/Alpha Sapphire,
340,Whiscash,,Hoenn,Ruby/Sapphire/Emerald/Omega Ruby/Alpha Sapphire,
341,Corphish,,Hoenn,Ruby/Sapphire/Emerald/Omega Ruby/Alpha Sapphire,
342,Crawdaunt,,Hoenn,Ruby/Sapphire/Emerald/Omega Ruby/Alpha Sapphire,
343,Baltoy,,Hoenn,Ruby/Sapphire/Emerald/Omega Ruby/Alpha Sapphire,
344,Claydol,,Hoenn,Ruby/Sapphire/Emerald/Omega Ruby/Alpha Sapphire,
345,Lileep,,Hoenn,Ruby/Sapphire/Emerald/Omega Ruby/Alpha Sapphire,
346,Cradily,,Hoenn,Ruby/Sapphire/Emerald/Omega Ruby/Alpha Sapphire,
347,Anorith,,Hoenn,Ruby/Sapphire/Emerald/Omega Ruby/Alpha Sapphire,
348,Armaldo,,Hoenn,Ruby/Sapphire/Emerald/Omega Ruby/Alpha Sapphire,
349,Feebas,,Hoenn,Ruby/Sapphire/Emerald/Omega Ruby/Alpha Sapphire,
350,Milotic,,Hoenn,Ruby/Sapphire/Emerald/Omega Ruby/Alpha Sapphire,
350,Milotic,Female,Hoenn,Ruby/Sapphire/Emerald/Omega Ruby/Alpha Sapphire,
351,Castform,,Hoenn,Ruby/Sapphire/Emerald/Omega Ruby/Alpha Sapphire,
352,Kecleon,,Hoenn,Ruby/Sapphire/Emerald/Omega Ruby/Alpha Sapphire,
353,Shuppet,,Hoenn,Ruby/Sapphire/Emerald/Omega Ruby/Alpha Sapphire,
354,Banette,,Hoenn,Ruby/Sapphire/Emerald/Omega Ruby/Alpha Sapphire,
355,Duskull,,Hoenn,Ruby/Sapphire/Emerald/Omega Ruby/Alpha Sapphire,Catch 2 (one for dusknoir)
356,Dusclops,,Hoenn,Ruby/Sapphire/Emerald/Omega Ruby/Alpha Sapphire,
357,Tropius,,Hoenn,Ruby/Sapphire/Emerald/Omega Ruby/Alpha Sapphire,
358,Chimecho,,Hoenn,Ruby/Sapphire/Emerald/Omega Ruby/Alpha Sapphire,
359,Absol,,Hoenn,Ruby/Sapphire/Emerald/Omega Ruby/Alpha Sapphire,
360,Wynaut,,Hoenn,Ruby/Sapphire/Emerald/Omega Ruby/Alpha Sapphire,
361,Snorunt,,Hoenn,Ruby/Sapphire/Emerald/Omega Ruby/Alpha Sapphire,x2 (froslass)
362,Glalie,,Hoenn,Ruby/Sapphire/Emerald/Omega Ruby/Alpha Sapphire,
363,Spheal,,Hoenn,Ruby/Sapphire/Emerald/Omega Ruby/Alpha Sapphire,
364,Sealeo,,Hoenn,Ruby/Sapphire/Emerald/Omega Ruby/Alpha Sapphire,
365,Walrein,,Hoenn,Ruby/Sapphire/Emerald/Omega Ruby/Alpha Sapphire,
366,Clamperl,,Hoenn,Ruby/Sapphire/Emerald/Omega Ruby/Alpha Sapphire,
367,Huntail,,Hoenn,Ruby/Sapphire/Emerald/Omega Ruby/Alpha Sapphire,
368,Gorebyss,,Hoenn,Ruby/Sapphire/Emerald/Omega Ruby/Alpha Sapphire,
369,Relicanth,,Hoenn,Ruby/Sapphire/Emerald/Omega Ruby/Alpha Sapphire,
369,Relicanth,Female,Hoenn,Ruby/Sapphire/Emerald/Omega Ruby/Alpha Sapphire,
370,Luvdisc,,Hoenn,Ruby/Sapphire/Emerald/Omega Ruby/Alpha Sapphire,
371,Bagon,,Hoenn,Ruby/Sapphire/Emerald/Omega Ruby/Alpha Sapphire,
372,Shelgon,,Hoenn,Ruby/Sapphire/Emerald/Omega Ruby/Alpha Sapphire,
373,Salamence,,Hoenn,Ruby/Sapphire/Emerald/Omega Ruby/Alpha Sapphire,
374,Beldum,,Hoenn,Ruby/Sapphire/Emerald/Omega Ruby/Alpha Sapphire,
375,Metang,,Hoenn,Ruby/Sapphire/Emerald/Omega Ruby/Alpha Sapphire,
376,Metagross,,Hoenn,Ruby/Sapphire/Emerald/Omega Ruby/Alpha Sapphire,
377,Regirock,,Hoenn,Ruby/Sapphire/Emerald/Omega Ruby/Alpha Sapphire,
378,Regice,,Hoenn,Ruby/Sapphire/Emerald/Omega Ruby/Alpha Sapphire,
379,Registeel,,Hoenn,Ruby/Sapphire/Emerald/Omega Ruby/Alpha Sapphire,
380,Latias,,Hoenn,Ruby/Sapphire/Emerald/Omega Ruby/Alpha Sapphire,
381,Latios,,Hoenn,Ruby/Sapphire/Emerald/Omega Ruby/Alpha Sapphire,
382,Kyogre,,Hoenn,Sapphire/Emerald/Alpha Sapphire,
383,Groudon,,Hoenn,Ruby/Emerald/Omega Ruby,
384,Rayquaza,,Hoenn,Ruby/Sapphire/Emerald/Omega Ruby/Alpha Sapphire,
385,Jirachi,,Hoenn,Ruby/Sapphire/Emerald/Omega Ruby/Alpha Sapphire,
386,Deoxys,,Hoenn,Ruby/Sapphire/Emerald/Omega Ruby/Alpha Sapphire,
386,Deoxys,Attack Form,Hoenn,Ruby/Sapphire/Emerald/Omega Ruby/Alpha Sapphire,
386,Deoxys,Defense Form,Hoenn,Ruby/Sapphire/Emerald/Omega Ruby/Alpha Sapphire,
386,Deoxys,Speed Form,Hoenn,Ruby/Sapphire/Emerald/Omega Ruby/Alpha Sapphire,
387,Turtwig,,Sinnoh,Diamond/Pearl/Platinum/Brilliant Diamond/Shining Pearl,
388,Grotle,,Sinnoh,Diamond/Pearl/Platinum/Brilliant Diamond/Shining Pearl,
389,Torterra,,Sinnoh,Diamond/Pearl/Platinum/Brilliant Diamond/Shining Pearl,
390,Chimchar,,Sinnoh,Diamond/Pearl/Platinum/Brilliant Diamond/Shining Pearl,
391,Monferno,,Sinnoh,Diamond/Pearl/Platinum/Brilliant Diamond/Shining Pearl,
392,Infernape,,Sinnoh,Diamond/Pearl/Platinum/Brilliant Diamond/Shining Pearl,
393,Piplup,,Sinnoh,Diamond/Pearl/Platinum/Brilliant Diamond/Shining Pearl,
394,Prinplup,,Sinnoh,Diamond/Pearl/Platinum/Brilliant Diamond/Shining Pearl,
395,Empoleon,,Sinnoh,Diamond/Pearl/Platinum/Brilliant Diamond/Shining Pearl,
396,Starly,,Sinnoh,Diamond/Pearl/Platinum/Brilliant Diamond/Shining Pearl,
396,Starly,Female,Sinnoh,Diamond/Pearl/Platinum/Brilliant Diamond/Shining Pearl,
397,Staravia,,Sinnoh,Diamond/Pearl/Platinum/Brilliant Diamond/Shining Pearl,
397,Staravia,Female,Sinnoh,Diamond/Pearl/Platinum/Brilliant Diamond/Shining Pearl,
398,Staraptor,,Sinnoh,Diamond/Pearl/Platinum/Brilliant Diamond/Shining Pearl,
398,Staraptor,Female,Sinnoh,Diamond/Pearl/Platinum/Brilliant Diamond/Shining Pearl,
399,Bidoof,,Sinnoh,Diamond/Pearl/Platinum/Brilliant Diamond/Shining Pearl,
399,Bidoof,Female,Sinnoh,Diamond/Pearl/Platinum/Brilliant Diamond/Shining Pearl,
400,Bibarel,,Sinnoh,Diamond/Pearl/Platinum/Brilliant Diamond/Shining Pearl,
400,Bibarel,Female,Sinnoh,Diamond/Pearl/Platinum/Brilliant Diamond/Shining Pearl,
401,Kricketot,,Sinnoh,Diamond/Pearl/Platinum/Brilliant Diamond/Shining Pearl,
401,Kricketot,Female,Sinnoh,Diamond/Pearl/Platinum/Brilliant Diamond/Shining Pearl,
402,Kricketune,,Sinnoh,Diamond/Pearl/Platinum/Brilliant Diamond/Shining Pearl,
402,Kricketune,Female,Sinnoh,Diamond/Pearl/Platinum/Brilliant Diamond/Shining Pearl,
403,Shinx,,Sinnoh,Diamond/Pearl/Platinum/Brilliant Diamond/Shining Pearl,
403,Shinx,Female,Sinnoh,Diamond/Pearl/Platinum/Brilliant Diamond/Shining Pearl,
404,Luxio,,Sinnoh,Diamond/Pearl/Platinum/Brilliant Diamond/Shining Pearl,
404,Luxio,Female,Sinnoh,Diamond/Pearl/Platinum/Brilliant Diamond/Shining Pearl,
405,Luxray,,Sinnoh,Diamond/Pearl/Platinum/Brilliant Diamond/Shining Pearl,
405,Luxray,Female,Sinnoh,Diamond/Pearl/Platinum/Brilliant Diamond/Shining Pearl,
406,Budew,,Sinnoh,Diamond/Pearl/Platinum/Brilliant Diamond/Shining Pearl,
407,Roserade,,Hoenn,Ruby/Sapphire/Omega Ruby/Alpha Sapphire,
407,Roserade,Female,Hoenn,Ruby/Sapphire/Omega Ruby/Alpha Sapphire,
408,Cranidos,,Sinnoh,Diamond/Platinum/Brilliant Diamond,
409,Rampardos,,Sinnoh,Diamond/Platinum/Brilliant Diamond,
410,Shieldon,,Sinnoh,Pearl/Platinum/Shining Pearl,
411,Bastiodon,,Sinnoh,Pearl/Platinum/Shining Pearl,
412,Burmy,Leaf Cloak,Sinnoh,Diamond/Pearl/Platinum/Brilliant Diamond/Shining Pearl,
412,Burmy,Sand Cloak,Sinnoh,Diamond/Pearl/Platinum/Brilliant Diamond/Shining Pearl,
412,Burmy,Trash Cloak,Sinnoh,Diamond/Pearl/Platinum/Brilliant Diamond/Shining Pearl,
413,Wormadam,Leaf Cloak,Sinnoh,Diamond/Pearl/Platinum/Brilliant Diamond/Shining Pearl,
413,Wormadam,Sand Cloak,Sinnoh,Diamond/Pearl/Platinum/Brilliant Diamond/Shining Pearl,
413,Wormadam,Trash Cloak,Sinnoh,Diamond/Pearl/Platinum/Brilliant Diamond/Shining Pearl,
414,Mothim,,Sinnoh,Diamond/Pearl/Platinum/Brilliant Diamond/Shining Pearl,
415,Combee,,Sinnoh,Diamond/Pearl/Platinum/Brilliant Diamond/Shining Pearl,
415,Combee,Female,Sinnoh,Diamond/Pearl/Platinum/Brilliant Diamond/Shining Pearl,
416,Vespiquen,,Sinnoh,Diamond/Pearl/Platinum/Brilliant Diamond/Shining Pearl,
417,Pachirisu,,Sinnoh,Diamond/Pearl/Platinum/Brilliant Diamond/Shining Pearl,
417,Pachirisu,Female,Sinnoh,Diamond/Pearl/Platinum/Brilliant Diamond/Shining Pearl,
418,Buizel,,Sinnoh,Diamond/Pearl/Platinum/Brilliant Diamond/Shining Pearl,
418,Buizel,Female,Sinnoh,Diamond/Pearl/Platinum/Brilliant Diamond/Shining Pearl,
419,Floatzel,,Sinnoh,Diamond/Pearl/Platinum/Brilliant Diamond/Shining Pearl,
419,Floatzel,Female,Sinnoh,Diamond/Pearl/Platinum/Brilliant Diamond/Shining Pearl,
420,Cherubi,,Sinnoh,Diamond/Pearl/Platinum/Brilliant Diamond/Shining Pearl,
421,Cherrim,,Sinnoh,Diamond/Pearl/Platinum/Brilliant Diamond/Shining Pearl,
422,Shellos,East Sea,Sinnoh,Diamond/Pearl/Platinum/Brilliant Diamond/Shining Pearl,
422,Shellos,West Sea,Sinnoh,Diamond/Pearl/Platinum/Brilliant Diamond/Shining Pearl,
423,Gastrodon,East Sea,Sinnoh,Diamond/Pearl/Platinum/Brilliant Diamond/Shining Pearl,
423,Gastrodon,West Sea,Sinnoh,Diamond/Pearl/Platinum/Brilliant Diamond/Shining Pearl,
424,Ambipom,,Johto,Gold/Silver/Crystal/Heart Gold/Soul Silver,
424,Ambipom,Female,Johto,Gold/Silver/Crystal/Heart Gold/Soul Silver,
425,Drifloon,,Sinnoh,Diamond/Pearl/Platinum/Brilliant Diamond/Shining Pearl,
426,Drifblim,,Sinnoh,Diamond/Pearl/Platinum/Brilliant Diamond/Shining Pearl,
427,Buneary,,Sinnoh,Diamond/Pearl/Platinum/Brilliant Diamond/Shining Pearl,
428,Lopunny,,Sinnoh,Diamond/Pearl/Platinum/Brilliant Diamond/Shining Pearl,
429,Mismagius,,Johto,Gold/Silver/Crystal/Heart Gold/Soul Silver,
430,Honchkrow,,Johto,Gold/Silver/Crystal/Heart Gold/Soul Silver,
431,Glameow,,Sinnoh,Pearl/Shining Pearl,
432,Purugly,,Sinnoh,Pearl/Shining Pearl,
433,Chingling,,Sinnoh,Diamond/Pearl/Platinum/Brilliant Diamond/Shining Pearl,
434,Stunky,,Sinnoh,Diamond/Brilliant Diamond,
435,Skuntank,,Sinnoh,Diamond/Brilliant Diamond,
436,Bronzor,,Sinnoh,Diamond/Pearl/Platinum/Brilliant Diamond/Shining Pearl,
437,Bronzong,,Sinnoh,Diamond/Pearl/Platinum/Brilliant Diamond/Shining Pearl,
438,Bonsly,,Sinnoh,Diamond/Pearl/Platinum/Brilliant Diamond/Shining Pearl,
439,Mime Jr.,,Sinnoh,Diamond/Pearl/Platinum/Brilliant Diamond/Shining Pearl,
440,Happiny,,Sinnoh,Diamond/Pearl/Platinum/Brilliant Diamond/Shining Pearl,
441,Chatot,,Sinnoh,Diamond/Pearl/Platinum/Brilliant Diamond/Shining Pearl,
442,Spiritomb,,Sinnoh,Diamond/Pearl/Platinum/Brilliant Diamond/Shining Pearl,
443,Gible,,Sinnoh,Diamond/Pearl/Platinum/Brilliant Diamond/Shining Pearl,
443,Gible,Female,Sinnoh,Diamond/Pearl/Platinum/Brilliant Diamond/Shining Pearl,
444,Gabite,,Sinnoh,Diamond/Pearl/Platinum/Brilliant Diamond/Shining Pearl,
444,Gabite,Female,Sinnoh,Diamond/Pearl/Platinum/Brilliant Diamond/Shining Pearl,
445,Garchomp,,Sinnoh,Diamond/Pearl/Platinum/Brilliant Diamond/Shining Pearl,
445,Garchomp,Female,Sinnoh,Diamond/Pearl/Platinum/Brilliant Diamond/Shining Pearl,
446,Munchlax,,Sinnoh,Diamond/Pearl/Platinum/Brilliant Diamond/Shining Pearl,
447,Riolu,,Sinnoh,Diamond/Pearl/Platinum/Brilliant Diamond/Shining Pearl,
448,Lucario,,Sinnoh,Diamond/Pearl/Platinum/Brilliant Diamond/Shining Pearl,
449,Hippopotas,,Sinnoh,Diamond/Pearl/Platinum/Brilliant Diamond/Shining Pearl,
449,Hippopotas,Female,Sinnoh,Diamond/Pearl/Platinum/Brilliant Diamond/Shining Pearl,
450,Hippowdon,,Sinnoh,Diamond/Pearl/Platinum/Brilliant Diamond/Shining Pearl,
450,Hippowdon,Female,Sinnoh,Diamond/Pearl/Platinum/Brilliant Diamond/Shining Pearl,
451,Skorupi,,Sinnoh,Diamond/Pearl/Platinum/Brilliant Diamond/Shining Pearl,
452,Drapion,,Sinnoh,Diamond/Pearl/Platinum/Brilliant Diamond/Shining Pearl,
453,Croagunk,,Sinnoh,Diamond/Pearl/Platinum/Brilliant Diamond/Shining Pearl,
453,Croagunk,Female,Sinnoh,Diamond/Pearl/Platinum/Brilliant Diamond/Shining Pearl,
454,Toxicroak,,Sinnoh,Diamond/Pearl/Platinum/Brilliant Diamond/Shining Pearl,
454,Toxicroak,Female,Sinnoh,Diamond/Pearl/Platinum/Brilliant Diamond/Shining Pearl,
455,Carnivine,,Sinnoh,Diamond/Pearl/Platinum/Brilliant Diamond/Shining Pearl,
456,Finneon,,Sinnoh,Diamond/Pearl/Platinum/Brilliant Diamond/Shining Pearl,
456,Finneon,Female,Sinnoh,Diamond/Pearl/Platinum/Brilliant Diamond/Shining Pearl,
457,Lumineon,,Sinnoh,Diamond/Pearl/Platinum/Brilliant Diamond/Shining Pearl,
457,Lumineon,Female,Sinnoh,Diamond/Pearl/Platinum/Brilliant Diamond/Shining Pearl,
458,Mantyke,,Sinnoh,Diamond/Pearl/Platinum/Brilliant Diamond/Shining Pearl,
459,Snover,,Sinnoh,Diamond/Pearl/Platinum/Brilliant Diamond/Shining Pearl,
459,Snover,Female,Sinnoh,Diamond/Pearl/Platinum/Brilliant Diamond/Shining Pearl,
460,Abomasnow,,Sinnoh,Diamond/Pearl/Platinum/Brilliant Diamond/Shining Pearl,
460,Abomasnow,Female,Sinnoh,Diamond/Pearl/Platinum/Brilliant Diamond/Shining Pearl,
461,Weavile,,Johto,Gold/Silver/Crystal/Heart Gold/Soul Silver,
461,Weavile,Female,Johto,Gold/Silver/Crystal/Heart Gold/Soul Silver,
462,Magnezone,,Kanto,Red/Blue/Yellow/LG: Pikachu/LG: Eevee,
463,Lickilicky,,Kanto,Red/Blue/Yellow/LG: Pikachu/LG: Eevee,
464,Rhyperior,,Kanto,Red/Blue/Yellow/LG: Pikachu/LG: Eevee,
464,Rhyperior,Female,Kanto,Red/Blue/Yellow/LG: Pikachu/LG: Eevee,
465,Tangrowth,,Kanto,Red/Blue/Yellow/LG: Pikachu/LG: Eevee,
465,Tangrowth,Female,Kanto,Red/Blue/Yellow/LG: Pikachu/LG: Eevee,
466,Electivire,,Kanto,Red/LG: Pikachu/LG: Eevee,
467,Magmortar,,Kanto,Blue/LG: Pikachu/LG: Eevee,
468,Togekiss,,Johto,Gold/Silver/Crystal/Heart Gold/Soul Silver,
469,Yanmega,,Johto,Gold/Silver/Crystal/Heart Gold/Soul Silver,
470,Leafeon,,Kanto,Red/Blue/Yellow/LG: Pikachu/LG: Eevee,
471,Glaceon,,Kanto,Red/Blue/Yellow/LG: Pikachu/LG: Eevee,
472,Gliscor,,Johto,Gold/Crystal/Heart Gold,
473,Mamoswine,,Johto,Gold/Silver/Crystal/Heart Gold/Soul Silver,
473,Mamoswine,Female,Johto,Gold/Silver/Crystal/Heart Gold/Soul Silver,
474,Porygon-Z,,Kanto,Red/Blue/Yellow/LG: Pikachu/LG: Eevee,
475,Gallade,,Hoenn,Ruby/Sapphire/Emerald/Omega Ruby/Alpha Sapphire,
476,Probopass,,Hoenn,Ruby/Sapphire/Emerald/Omega Ruby/Alpha Sapphire,
477,Dusknoir,,Hoenn,Ruby/Sapphire/Emerald/Omega Ruby/Alpha Sapphire,
478,Froslass,,Hoenn,Ruby/Sapphire/Emerald/Omega Ruby/Alpha Sapphire,
479,Rotom,Lightbulb,Sinnoh,Diamond/Pearl/Platinum/Brilliant Diamond/Shining Pearl,
479,Rotom,Oven,Sinnoh,Diamond/Pearl/Platinum/Brilliant Diamond/Shining Pearl,
479,Rotom,Washer,Sinnoh,Diamond/Pearl/Platinum/Brilliant Diamond/Shining Pearl,
479,Rotom,Fridge,Sinnoh,Diamond/Pearl/Platinum/Brilliant Diamond/Shining Pearl,
479,Rotom,Fan,Sinnoh,Diamond/Pearl/Platinum/Brilliant Diamond/Shining Pearl,
479,Rotom,Mower,Sinnoh,Diamond/Pearl/Platinum/Brilliant Diamond/Shining Pearl,
480,Uxie,,Sinnoh,Diamond/Pearl/Platinum/Brilliant Diamond/Shining Pearl,
481,Mesprit,,Sinnoh,Diamond/Pearl/Platinum/Brilliant Diamond/Shining Pearl,
482,Azelf,,Sinnoh,Diamond/Pearl/Platinum/Brilliant Diamond/Shining Pearl,
483,Dialga,,Sinnoh,Diamond/Platinum/Brilliant Diamond,
484,Palkia,,Sinnoh,Pearl/Platinum/Shining Pearl,
485,Heatran,,Sinnoh,Diamond/Pearl/Platinum/Brilliant Diamond/Shining Pearl,
486,Regigigas,,Sinnoh,Diamond/Pearl/Platinum/Brilliant Diamond/Shining Pearl,
487,Giratina,,Sinnoh,Diamond/Pearl/Platinum/Brilliant Diamond/Shining Pearl,
488,Cresselia,,Sinnoh,Diamond/Pearl/Platinum/Brilliant Diamond/Shining Pearl,
489,Phione,,Sinnoh,Diamond/Pearl/Platinum/Legends: Arceus,
490,Manaphy,,Sinnoh,Diamond/Pearl/Platinum/Legends: Arceus,
491,Darkrai,,Sinnoh,Diamond/Pearl/Platinum/Legends: Arceus,
492,Shaymin,Normal Form,Sinnoh,Diamond/Pearl/Platinum/Legends: Arceus,
492,Shaymin,Sky Form,Sinnoh,Diamond/Pearl/Platinum/Legends: Arceus,
493,Arceus,,Sinnoh,Diamond/Pearl/Platinum/Brilliant Diamond/Shining Pearl,
494,Victini,,Unova,Black/White,
495,Snivy,,Unova,Black/White/Black 2/White 2,
496,Servine,,Unova,Black/White/Black 2/White 2,
497,Serperior,,Unova,Black/White/Black 2/White 2,
498,Tepig,,Unova,Black/White/Black 2/White 2,
499,Pignite,,Unova,Black/White/Black 2/White 2,
500,Emboar,,Unova,Black/White/Black 2/White 2,
501,Oshawott,,Unova,Black/White/Black 2/White 2,Catch 2 (one for hisui)
502,Dewott,,Unova,Black/White/Black 2/White 2,
503,Samurott,,Unova,Black/White/Black 2/White 2,
503,Samurott,Hisuian,Unova,Black/White/Black 2/White 2,
504,Patrat,,Unova,Black/White/Black 2/White 2,
505,Watchog,,Unova,Black/White/Black 2/White 2,
506,Lillipup,,Unova,Black/White/Black 2/White 2,
507,Herdier,,Unova,Black/White/Black 2/White 2,
508,Stoutland,,Unova,Black/White/Black 2/White 2,
509,Purrloin,,Unova,Black/White/Black 2/White 2,
510,Liepard,,Unova,Black/White/Black 2/White 2,
511,Pansage,,Unova,Black/White/Black 2/White 2,
512,Simisage,,Unova,Black/White/Black 2/White 2,
513,Pansear,,Unova,Black/White/Black 2/White 2,
514,Simisear,,Unova,Black/White/Black 2/White 2,
515,Panpour,,Unova,Black/White/Black 2/White 2,
516,Simipour,,Unova,Black/White/Black 2/White 2,
517,Munna,,Unova,Black/White/Black 2/White 2,
518,Musharna,,Unova,Black/White/Black 2/White 2,
519,Pidove,,Unova,Black/White/Black 2/White 2,
520,Tranquill,,Unova,Black/White/Black 2/White 2,
521,Unfezant,,Unova,Black/White/Black 2/White 2,
521,Unfezant,Female,Unova,Black/White/Black 2/White 2,
522,Blitzle,,Unova,Black/White/Black 2/White 2,
523,Zebstrika,,Unova,Black/White/Black 2/White 2,
524,Roggenrola,,Unova,Black/White/Black 2/White 2,
525,Boldore,,Unova,Black/White/Black 2/White 2,
526,Gigalith,,Unova,Black/White/Black 2/White 2,
527,Woobat,,Unova,Black/White/Black 2/White 2,
528,Swoobat,,Unova,Black/White/Black 2/White 2,
529,Drilbur,,Unova,Black/White/Black 2/White 2,
530,Excadrill,,Unova,Black/White/Black 2/White 2,
531,Audino,,Unova,Black/White/Black 2/White 2,
532,Timburr,,Unova,Black/White/Black 2/White 2,
533,Gurdurr,,Unova,Black/White/Black 2/White 2,
534,Conkeldurr,,Unova,Black/White/Black 2/White 2,
535,Tympole,,Unova,Black/White/Black 2/White 2,
536,Palpitoad,,Unova,Black/White/Black 2/White 2,
537,Seismitoad,,Unova,Black/White/Black 2/White 2,
538,Throh,,Unova,White/Black 2/White 2,
539,Sawk,,Unova,Black/Black 2/White 2,
540,Sewaddle,,Unova,Black/White/Black 2/White 2,
541,Swadloon,,Unova,Black/White/Black 2/White 2,
542,Leavanny,,Unova,Black/White/Black 2/White 2,
543,Venipede,,Unova,Black/White/Black 2/White 2,
544,Whirlipede,,Unova,Black/White/Black 2/White 2,
545,Scolipede,,Unova,Black/White/Black 2/White 2,
546,Cottonee,,Unova,Black/Black 2,
547,Whimsicott,,Unova,Black/Black 2,
548,Petilil,,Unova,White/White 2,Catch 2 (one for hisui)
549,Lilligant,,Unova,White/White 2,
549,Lilligant,Hisuian,Unova,White/White 2,
550,Basculin,Red-striped,Unova,Black/White/Black 2/White 2,
550,Basculin,Blue-striped,Unova,Black/White/Black 2/White 2,
550,Basculin,White-striped,Hisui,Legends: Arceus,
551,Sandile,,Unova,Black/White/Black 2/White 2,
552,Krokorok,,Unova,Black/White/Black 2/White 2,
553,Krookodile,,Unova,Black/White/Black 2/White 2,
554,Darumaka,,Unova,Black/White/Black 2/White 2,
554,Darumaka,Galarian,Galar,Sword,
555,Darmanitan,,Unova,Black/White/Black 2/White 2,
555,Darmanitan,Galarian,Galar,Sword,
556,Maractus,,Unova,Black/White/Black 2/White 2,
557,Dwebble,,Unova,Black/White/Black 2/White 2,
558,Crustle,,Unova,Black/White/Black 2/White 2,
559,Scraggy,,Unova,Black/White/Black 2/White 2,
560,Scrafty,,Unova,Black/White/Black 2/White 2,
561,Sigilyph,,Unova,Black/White/Black 2/White 2,
562,Yamask,,Unova,Black/White/Black 2/White 2,
562,Yamask,Galarian,Galar,Sword/Shield,
563,Cofagrigus,,Unova,Black/White/Black 2/White 2,
564,Tirtouga,,Unova,Black/White/Black 2/White 2,
565,Carracosta,,Unova,Black/White/Black 2/White 2,
566,Archen,,Unova,Black/White/Black 2/White 2,
567,Archeops,,Unova,Black/White/Black 2/White 2,
568,Trubbish,,Unova,Black/White/Black 2/White 2,
569,Garbodor,,Unova,Black/White/Black 2/White 2,
570,Zorua,,Unova,Black/White/Black 2/White 2,
570,Zorua,Hisuian,Hisui,Legends: Arceus,
571,Zoroark,,Unova,Black/White/Black 2/White 2,
571,Zoroark,Hisuian,Hisui,Legends: Arceus,
572,Minccino,,Unova,Black/White/Black 2/White 2,
573,Cinccino,,Unova,Black/White/Black 2/White 2,
574,Gothita,,Unova,Black/Black 2,
575,Gothorita,,Unova,Black/Black 2,
576,Gothitelle,,Unova,Black/Black 2,
577,Solosis,,Unova,White/White 2,
578,Duosion,,Unova,White/White 2,
579,Reuniclus,,Unova,White/White 2,
580,Ducklett,,Unova,Black/White/Black 2/White 2,
581,Swanna,,Unova,Black/White/Black 2/White 2,
582,Vanillite,,Unova,Black/White/Black 2/White 2,
583,Vanillish,,Unova,Black/White/Black 2/White 2,
584,Vanilluxe,,Unova,Black/White/Black 2/White 2,
585,Deerling,Spring,Unova,Black/White/Black 2/White 2,
585,Deerling,Summer,Unova,Black/White/Black 2/White 2,
585,Deerling,Autumn,Unova,Black/White/Black 2/White 2,
585,Deerling,Winter,Unova,Black/White/Black 2/White 2,
586,Sawsbuck,Spring,Unova,Black/White/Black 2/White 2,
586,Sawsbuck,Summer,Unova,Black/White/Black 2/White 2,
586,Sawsbuck,Autumn,Unova,Black/White/Black 2/White 2,
586,Sawsbuck,Winter,Unova,Black/White/Black 2/White 2,
587,Emolga,,Unova,Black/White/Black 2/White 2,
588,Karrablast,,Unova,Black/White/Black 2/White 2,
589,Escavalier,,Unova,Black/White/Black 2/White 2,
590,Foongus,,Unova,Black/White/Black 2/White 2,
591,Amoonguss,,Unova,Black/White/Black 2/White 2,
592,Frillish,,Unova,Black/White/Black 2/White 2,
592,Frillish,Female,Unova,Black/White/Black 2/White 2,
593,Jellicent,,Unova,Black/White/Black 2/White 2,
593,Jellicent,Female,Unova,Black/White/Black 2/White 2,
594,Alomomola,,Unova,Black/White/Black 2/White 2,
595,Joltik,,Unova,Black/White/Black 2/White 2,
596,Galvantula,,Unova,Black/White/Black 2/White 2,
597,Ferroseed,,Unova,Black/White/Black 2/White 2,
598,Ferrothorn,,Unova,Black/White/Black 2/White 2,
599,Klink,,Unova,Black/White/Black 2/White 2,
600,Klang,,Unova,Black/White/Black 2/White 2,
601,Klinklang,,Unova,Black/White/Black 2/White 2,
602,Tynamo,,Unova,Black/White/Black 2/White 2,
603,Eelektrik,,Unova,Black/White/Black 2/White 2,
604,Eelektross,,Unova,Black/White/Black 2/White 2,
605,Elgyem,,Unova,Black/White/Black 2/White 2,
606,Beheeyem,,Unova,Black/White/Black 2/White 2,
607,Litwick,,Unova,Black/White/Black 2/White 2,
608,Lampent,,Unova,Black/White/Black 2/White 2,
609,Chandelure,,Unova,Black/White/Black 2/White 2,
610,Axew,,Unova,Black/White/Black 2/White 2,
611,Fraxure,,Unova,Black/White/Black 2/White 2,
612,Haxorus,,Unova,Black/White/Black 2/White 2,
613,Cubchoo,,Unova,Black/White/Black 2/White 2,
614,Beartic,,Unova,Black/White/Black 2/White 2,
615,Cryogonal,,Unova,Black/White/Black 2/White 2,
616,Shelmet,,Unova,Black/White/Black 2/White 2,
617,Accelgor,,Unova,Black/White/Black 2/White 2,
618,Stunfisk,,Unova,Black/White/Black 2/White 2,
618,Stunfisk,Galarian,Galar,Sword/Shield,
619,Mienfoo,,Unova,Black/White/Black 2/White 2,
620,Mienshao,,Unova,Black/White/Black 2/White 2,
621,Druddigon,,Unova,Black/White/Black 2/White 2,
622,Golett,,Unova,Black/White/Black 2/White 2,
623,Golurk,,Unova,Black/White/Black 2/White 2,
624,Pawniard,,Unova,Black/White/Black 2/White 2,
625,Bisharp,,Unova,Black/White/Black 2/White 2,Catch 2
626,Bouffalant,,Unova,Black/White/Black 2/White 2,
627,Rufflet,,Unova,White/White 2,Catch 2
628,Braviary,,Unova,White/White 2,
628,Braviary,Hisuian,Unova,White/White 2,
629,Vullaby,,Unova,Black/Black 2,
630,Mandibuzz,,Unova,Black/Black 2,
631,Heatmor,,Unova,Black/White/Black 2/White 2,
632,Durant,,Unova,Black/White/Black 2/White 2,
633,Deino,,Unova,Black/White/Black 2/White 2,
634,Zweilous,,Unova,Black/White/Black 2/White 2,
635,Hydreigon,,Unova,Black/White/Black 2/White 2,
636,Larvesta,,Unova,Black/White/Black 2/White 2,
637,Volcarona,,Unova,Black/White/Black 2/White 2,
638,Cobalion,,Unova,Black/White/Black 2/White 2,
639,Terrakion,,Unova,Black/White/Black 2/White 2,
640,Virizion,,Unova,Black/White/Black 2/White 2,
641,Tornadus,Incarnate Form,Unova,Black/Black 2/White 2/Dream Radar,
641,Tornadus,Therian Form,Unova,Black 2/White 2/Dream Radar/Black 2/White 2/Dream Radar,
642,Thundurus,Incarnate Form,Unova,White/Black 2/White 2/Dream Radar,
642,Thundurus,Therian Form,Unova,Black 2/White 2/Dream Radar/Black 2/White 2/Dream Radar,
643,Reshiram,,Unova,Black/White 2,
644,Zekrom,,Unova,White/Black 2,
645,Landorus,Incarnate Form,Unova,Black/White/Black 2/White 2/Dream Radar,
645,Landorus,Therian Form,Unova,Black 2/White 2/Dream Radar/Black 2/White 2/Dream Radar,
646,Kyurem,,Unova,Black/White/Black 2/White 2,
647,Keldeo,,Unova,Black/White/Black 2/White 2,
647,Keldeo,Resolute Form,Unova,Black 2/White 2,
648,Meloetta,,Unova,Black/White/Black 2/White 2,
649,Genesect,,Unova,Black 2/White 2,
650,Chespin,,Kalos,X/Y,
651,Quilladin,,Kalos,X/Y,
652,Chesnaught,,Kalos,X/Y,
653,Fennekin,,Kalos,X/Y,
654,Braixen,,Kalos,X/Y,
655,Delphox,,Kalos,X/Y,
656,Froakie,,Kalos,X/Y,
657,Frogadier,,Kalos,X/Y,
658,Greninja,,Kalos,X/Y,
658,Greninja,Battle Bond Ability,Alola,Moon (demo),
659,Bunnelby,,Kalos,X/Y,
660,Diggersby,,Kalos,X/Y,
661,Fletchling,,Kalos,X/Y,
662,Fletchinder,,Kalos,X/Y,
663,Talonflame,,Kalos,X/Y,
664,Scatterbug,,Kalos,X/Y,
665,Spewpa,,Kalos,X/Y,
666,Vivillon,Icy Snow (Canada-Northwest Territories),Kalos,X/Y,
666,Vivillon,Polar (Canada-Alberta),Kalos,X/Y,
666,Vivillon,Tundra (Japan-Aomori),Kalos,X/Y,
666,Vivillon,Continental (Argentina-Chubut),Kalos,X/Y,
666,Vivillon,Garden (UK-England) [Not Ultra Sun compatible],Kalos,X/Y,
666,Vivillon,Elegant (Japan) [Not Ultra Sun compatible],Kalos,X/Y,
666,Vivillon,Meadow (France-Alsace) [Not Ultra Sun compatible],Kalos,X/Y,
666,Vivillon,Modern (Canada-Manitoba),Kalos,X/Y,
666,Vivillon,Marine (Chile-Antofagasta),Kalos,X/Y,
666,Vivillon,Archipelago (Mexico-Yucatan),Kalos,X/Y,
666,Vivillon,High Plains (Canada-British Columbia),Kalos,X/Y,
666,Vivillon,Sandstorm (Saudi Arabia-Al Bahah),Kalos,X/Y,
666,Vivillon,River (Australia-Capital Territory) [Not Ultra Sun compatible],Kalos,X/Y,
666,Vivillon,Monsoon (Japan-Okinawa),Kalos,X/Y,
666,Vivillon,Savanna (Argentina-Buenos Aires),Kalos,X/Y,
666,Vivillon,Sun (Belize-Belize),Kalos,X/Y,
666,Vivillon,Ocean (Ultra Sun-Hawai'i),Kalos,X/Y,
666,Vivillon,Jungle (Brazil-Acre),Kalos,X/Y,
666,Vivillon,Fancy (Event),Kalos,X/Y/Scarlet/Violet,
666,Vivillon,Pokeball (Event),Kalos,X/Y,
667,Litleo,,Kalos,X/Y,
668,Pyroar,,Kalos,X/Y,
668,Pyroar,Female,Kalos,X/Y,
669,Flabébé,Red,Kalos,X/Y,
669,Flabébé,Yellow,Kalos,X/Y,
669,Flabébé,Orange,Kalos,X/Y,
669,Flabébé,Blue,Kalos,X/Y,
669,Flabébé,White,Kalos,X/Y,
670,Floette,Red,Kalos,X/Y,
670,Floette,Yellow,Kalos,X/Y,
670,Floette,Orange,Kalos,X/Y,
670,Floette,Blue,Kalos,X/Y,
670,Floette,White,Kalos,X/Y,
671,Florges,Red,Kalos,X/Y,
671,Florges,Yellow,Kalos,X/Y,
671,Florges,Orange,Kalos,X/Y,
671,Florges,Blue,Kalos,X/Y,
671,Florges,White,Kalos,X/Y,
672,Skiddo,,Kalos,X/Y,
673,Gogoat,,Kalos,X/Y,
674,Pancham,,Kalos,X/Y,
675,Pangoro,,Kalos,X/Y,
676,Furfrou,,Kalos,X/Y,
676,Furfrou,Heart,Go,Go,
676,Furfrou,Star,Go,Go,
676,Furfrou,Diamond,Go,Go,
676,Furfrou,Debutante,Go,Go,
676,Furfrou,Matron,Go,Go,
676,Furfrou,Dandy,Go,Go,
676,Furfrou,La Reine,Go,Go,
676,Furfrou,Kabuki,Go,Go,
676,Furfrou,Pharaoh,Go,Go,
677,Espurr,,Kalos,X/Y,
678,Meowstic,,Kalos,X/Y,
678,Meowstic,Female,Kalos,X/Y,
679,Honedge,,Kalos,X/Y,
680,Doublade,,Kalos,X/Y,
681,Aegislash,,Kalos,X/Y,
682,Spritzee,,Kalos,Y,
683,Aromatisse,,Kalos,Y,
684,Swirlix,,Kalos,X,
685,Slurpuff,,Kalos,X,
686,Inkay,,Kalos,X/Y,
687,Malamar,,Kalos,X/Y,
688,Binacle,,Kalos,X/Y,
689,Barbaracle,,Kalos,X/Y,
690,Skrelp,,Kalos,Y,
691,Dragalge,,Kalos,Y,
692,Clauncher,,Kalos,X,
693,Clawitzer,,Kalos,X,
694,Helioptile,,Kalos,X/Y,
695,Heliolisk,,Kalos,X/Y,
696,Tyrunt,,Kalos,X/Y,
697,Tyrantrum,,Kalos,X/Y,
698,Amaura,,Kalos,X/Y,
699,Aurorus,,Kalos,X/Y,
700,Sylveon,,Kanto,Red/Blue/Yellow/LG: Pikachu/LG: Eevee,
701,Hawlucha,,Kalos,X/Y,
702,Dedenne,,Kalos,X/Y,
703,Carbink,,Kalos,X/Y,
704,Goomy,,Kalos,X/Y,x3 (hisui)
705,Sliggoo,,Kalos,X/Y,
705,Sliggoo,Hisuian,Kalos,X/Y,
706,Goodra,,Kalos,X/Y,
706,Goodra,Hisuian,Kalos,X/Y,
707,Klefki,,Kalos,X/Y,
708,Phantump,,Kalos,X/Y,
709,Trevenant,,Kalos,X/Y,
710,Pumpkaboo,Small,Kalos,X/Y,
710,Pumpkaboo,Medium,Kalos,X/Y,
710,Pumpkaboo,Large,Kalos,X/Y,
710,Pumpkaboo,Super,Kalos,X/Y,
711,Gourgeist,Small,Kalos,X/Y,
711,Gourgeist,Medium,Kalos,X/Y,
711,Gourgeist,Large,Kalos,X/Y,
711,Gourgeist,Super,Kalos,X/Y,
712,Bergmite,,Kalos,X/Y,Catch 2 (one for hisui)
713,Avalugg,,Kalos,X/Y,
713,Avalugg,Hisuian,Kalos,X/Y,
714,Noibat,,Kalos,X/Y,
715,Noivern,,Kalos,X/Y,
716,Xerneas,,Kalos,X,
717,Yveltal,,Kalos,Y,
718,Zygarde,10%,Alola,Sun/Moon/Ultra Sun/Ultra Moon,
718,Zygarde,10% Power Construct,Alola,Sun/Moon/Ultra Sun/Ultra Moon,
718,Zygarde,50%,Kalos,X/Y,
718,Zygarde,50% Power Construct,Alola,Sun/Moon/Ultra Sun/Ultra Moon,
719,Diancie,,Kalos,X/Y,
720,Hoopa,Confined,Kalos,X/Y,
720,Hoopa,Unbound,Kalos,X/Y,
721,Volcanion,,Kalos,X/Y,
722,Rowlet,,Alola,Sun/Moon/Ultra Sun/Ultra Moon,Catch 2 (one for hisui)
723,Dartrix,,Alola,Sun/Moon/Ultra Sun/Ultra Moon,
724,Decidueye,,Alola,Sun/Moon/Ultra Sun/Ultra Moon,
724,Decidueye,Hisuian,Alola,Sun/Moon/Ultra Sun/Ultra Moon,
725,Litten,,Alola,Sun/Moon/Ultra Sun/Ultra Moon,
726,Torracat,,Alola,Sun/Moon/Ultra Sun/Ultra Moon,
727,Incineroar,,Alola,Sun/Moon/Ultra Sun/Ultra Moon,
728,Popplio,,Alola,Sun/Moon/Ultra Sun/Ultra Moon,
729,Brionne,,Alola,Sun/Moon/Ultra Sun/Ultra Moon,
730,Primarina,,Alola,Sun/Moon/Ultra Sun/Ultra Moon,
731,Pikipek,,Alola,Sun/Moon/Ultra Sun/Ultra Moon,
732,Trumbeak,,Alola,Sun/Moon/Ultra Sun/Ultra Moon,
733,Toucannon,,Alola,Sun/Moon/Ultra Sun/Ultra Moon,
734,Yungoos,,Alola,Sun/Moon/Ultra Sun/Ultra Moon,
735,Gumshoos,,Alola,Sun/Moon/Ultra Sun/Ultra Moon,
736,Grubbin,,Alola,Sun/Moon/Ultra Sun/Ultra Moon,
737,Charjabug,,Alola,Sun/Moon/Ultra Sun/Ultra Moon,
738,Vikavolt,,Alola,Sun/Moon/Ultra Sun/Ultra Moon,
739,Crabrawler,,Alola,Sun/Moon/Ultra Sun/Ultra Moon,
740,Crabominable,,Alola,Sun/Moon/Ultra Sun/Ultra Moon,
741,Oricorio,Baile (Red),Alola,Sun/Moon/Ultra Sun/Ultra Moon,
741,Oricorio,Pom-pom (yellow),Alola,Sun/Moon/Ultra Sun/Ultra Moon,
741,Oricorio,Pa'u (pink),Alola,Sun/Moon/Ultra Sun/Ultra Moon,
741,Oricorio,Sensu (purple),Alola,Sun/Moon/Ultra Sun/Ultra Moon,
742,Cutiefly,,Alola,Sun/Moon/Ultra Sun/Ultra Moon,
743,Ribombee,,Alola,Sun/Moon/Ultra Sun/Ultra Moon,
744,Rockruff,,Alola,Sun/Moon/Ultra Sun/Ultra Moon,
744,Rockruff,Own Tempo,Alola,Sun/Moon/Ultra Sun/Ultra Moon,
745,Lycanroc,Midday,Alola,Sun/Moon/Ultra Sun/Ultra Moon,
745,Lycanroc,Midnight,Alola,Sun/Moon/Ultra Sun/Ultra Moon,
745,Lycanroc,Dusk,Alola,Sun/Moon/Ultra Sun/Ultra Moon,
746,Wishiwashi,,Alola,Sun/Moon/Ultra Sun/Ultra Moon,
747,Mareanie,,Alola,Sun/Moon/Ultra Sun/Ultra Moon,
748,Toxapex,,Alola,Sun/Moon/Ultra Sun/Ultra Moon,
749,Mudbray,,Alola,Sun/Moon/Ultra Sun/Ultra Moon,
750,Mudsdale,,Alola,Sun/Moon/Ultra Sun/Ultra Moon,
751,Dewpider,,Alola,Sun/Moon/Ultra Sun/Ultra Moon,
752,Araquanid,,Alola,Sun/Moon/Ultra Sun/Ultra Moon,
753,Fomantis,,Alola,Sun/Moon/Ultra Sun/Ultra Moon,
754,Lurantis,,Alola,Sun/Moon/Ultra Sun/Ultra Moon,
755,Morelull,,Alola,Sun/Moon/Ultra Sun/Ultra Moon,
756,Shiinotic,,Alola,Sun/Moon/Ultra Sun/Ultra Moon,
757,Salandit,,Alola,Sun/Moon/Ultra Sun/Ultra Moon,
758,Salazzle,,Alola,Sun/Moon/Ultra Sun/Ultra Moon,
759,Stufful,,Alola,Sun/Moon/Ultra Sun/Ultra Moon,
760,Bewear,,Alola,Sun/Moon/Ultra Sun/Ultra Moon,
761,Bounsweet,,Alola,Sun/Moon/Ultra Sun/Ultra Moon,
762,Steenee,,Alola,Sun/Moon/Ultra Sun/Ultra Moon,
763,Tsareena,,Alola,Sun/Moon/Ultra Sun/Ultra Moon,
764,Comfey,,Alola,Sun/Moon/Ultra Sun/Ultra Moon,
765,Oranguru,,Alola,Moon/Ultra Moon,
766,Passimian,,Alola,Sun/Ultra Sun,
767,Wimpod,,Alola,Sun/Moon/Ultra Sun/Ultra Moon,
768,Golisopod,,Alola,Sun/Moon/Ultra Sun/Ultra Moon,
769,Sandygast,,Alola,Sun/Moon/Ultra Sun/Ultra Moon,
770,Palossand,,Alola,Sun/Moon/Ultra Sun/Ultra Moon,
771,Pyukumuku,,Alola,Sun/Moon/Ultra Sun/Ultra Moon,
772,Type: Null,,Alola,Sun/Moon/Ultra Sun/Ultra Moon,
773,Silvally,,Alola,Sun/Moon/Ultra Sun/Ultra Moon,
774,Minior,Red,Alola,Sun/Moon/Ultra Sun/Ultra Moon,
774,Minior,Orange,Alola,Sun/Moon/Ultra Sun/Ultra Moon,
774,Minior,Yellow,Alola,Sun/Moon/Ultra Sun/Ultra Moon,
774,Minior,Green,Alola,Sun/Moon/Ultra Sun/Ultra Moon,
774,Minior,Blue,Alola,Sun/Moon/Ultra Sun/Ultra Moon,
774,Minior,Indigo,Alola,Sun/Moon/Ultra Sun/Ultra Moon,
774,Minior,Violet,Alola,Sun/Moon/Ultra Sun/Ultra Moon,
775,Komala,,Alola,Sun/Moon/Ultra Sun/Ultra Moon,
776,Turtonator,,Alola,Sun/Ultra Sun,
777,Togedemaru,,Alola,Sun/Moon/Ultra Sun/Ultra Moon,
778,Mimikyu,,Alola,Sun/Moon/Ultra Sun/Ultra Moon,
779,Bruxish,,Alola,Sun/Moon/Ultra Sun/Ultra Moon,
780,Drampa,,Alola,Moon/Ultra Moon,
781,Dhelmise,,Alola,Sun/Moon/Ultra Sun/Ultra Moon,
782,Jangmo-o,,Alola,Sun/Moon/Ultra Sun/Ultra Moon,
783,Hakamo-o,,Alola,Sun/Moon/Ultra Sun/Ultra Moon,
784,Kommo-o,,Alola,Sun/Moon/Ultra Sun/Ultra Moon,
785,Tapu Koko,,Alola,Sun/Moon/Ultra Sun/Ultra Moon,
786,Tapu Lele,,Alola,Sun/Moon/Ultra Sun/Ultra Moon,
787,Tapu Bulu,,Alola,Sun/Moon/Ultra Sun/Ultra Moon,
788,Tapu Fini,,Alola,Sun/Moon/Ultra Sun/Ultra Moon,
789,Cosmog,,Alola,Sun/Moon/Ultra Sun/Ultra Moon,
790,Cosmoem,,Alola,Sun/Moon/Ultra Sun/Ultra Moon,
791,Solgaleo,,Alola,Sun/Ultra Sun,
792,Lunala,,Alola,Moon/Ultra Moon,
793,Nihilego,,Alola,Sun/Moon/Ultra Sun/Ultra Moon,
794,Buzzwole,,Alola,Sun/Ultra Sun,
795,Pheromosa,,Alola,Moon/Ultra Moon,
796,Xurkitree,,Alola,Sun/Moon/Ultra Sun/Ultra Moon,
797,Celesteela,,Alola,Moon/Ultra Moon,
798,Kartana,,Alola,Sun/Ultra Sun,
799,Guzzlord,,Alola,Sun/Moon/Ultra Sun/Ultra Moon,
800,Necrozma,,Alola,Sun/Moon/Ultra Sun/Ultra Moon,
801,Magearna,,Alola,Sun/Moon/Ultra Sun/Ultra Moon,
801,Magearna,Original Color,Home,Home,
802,Marshadow,,Alola,Sun/Moon/Ultra Sun/Ultra Moon,
803,Poipole,,Alola,Ultra Sun/Ultra Moon,
804,Naganadel,,Alola,Ultra Sun/Ultra Moon,
805,Stakataka,,Alola,Ultra Moon,
806,Blacephalon,,Alola,Ultra Sun,
807,Zeraora,,Alola,Ultra Sun,
808,Meltan,,Go,Go,
809,Melmetal,,Go,Go,
810,Grookey,,Galar,Sword/Shield,
811,Thwackey,,Galar,Sword/Shield,
812,Rillaboom,,Galar,Sword/Shield,
813,Scorbunny,,Galar,Sword/Shield,
814,Raboot,,Galar,Sword/Shield,
815,Cinderace,,Galar,Sword/Shield,
816,Sobble,,Galar,Sword/Shield,
817,Drizzile,,Galar,Sword/Shield,
818,Inteleon,,Galar,Sword/Shield,
819,Skwovet,,Galar,Sword/Shield,
820,Greedent,,Galar,Sword/Shield,
821,Rookidee,,Galar,Sword/Shield,
822,Corvisquire,,Galar,Sword/Shield,
823,Corviknight,,Galar,Sword/Shield,
824,Blipbug,,Galar,Sword/Shield,
825,Dottler,,Galar,Sword/Shield,
826,Orbeetle,,Galar,Sword/Shield,
827,Nickit,,Galar,Sword/Shield,
828,Thievul,,Galar,Sword/Shield,
829,Gossifleur,,Galar,Sword/Shield,
830,Eldegoss,,Galar,Sword/Shield,
831,Wooloo,,Galar,Sword/Shield,
832,Dubwool,,Galar,Sword/Shield,
833,Chewtle,,Galar,Sword/Shield,
834,Drednaw,,Galar,Sword/Shield,
835,Yamper,,Galar,Sword/Shield,
836,Boltund,,Galar,Sword/Shield,
837,Rolycoly,,Galar,Sword/Shield,
838,Carkol,,Galar,Sword/Shield,
839,Coalossal,,Galar,Sword/Shield,
840,Applin,,Galar,Sword/Shield,
841,Flapple,,Galar,Sword,
842,Appletun,,Galar,Shield,
843,Silicobra,,Galar,Sword/Shield,
844,Sandaconda,,Galar,Sword/Shield,
845,Cramorant,,Galar,Sword/Shield,
846,Arrokuda,,Galar,Sword/Shield,
847,Barraskewda,,Galar,Sword/Shield,
848,Toxel,,Galar,Sword/Shield,
849,Toxtricity,Amped,Galar,Sword/Shield,
849,Toxtricity,Low-key,Galar,Sword/Shield,
850,Sizzlipede,,Galar,Sword/Shield,
851,Centiskorch,,Galar,Sword/Shield,
852,Clobbopus,,Galar,Sword/Shield,
853,Grapploct,,Galar,Sword/Shield,
854,Sinistea,Phony,Galar,Sword/Shield,
854,Sinistea,Antique,Galar,Sword/Shield,
855,Polteageist,Phony,Galar,Sword/Shield,
855,Polteageist,Antique,Galar,Sword/Shield,
856,Hatenna,,Galar,Sword/Shield,
857,Hattrem,,Galar,Sword/Shield,
858,Hatterene,,Galar,Sword/Shield,
859,Impidimp,,Galar,Sword/Shield,
860,Morgrem,,Galar,Sword/Shield,
861,Grimmsnarl,,Galar,Sword/Shield,
862,Obstagoon,,Galar,Sword/Shield,
863,Perrserker,,Galar,Sword/Shield,
864,Cursola,,Galar,Shield,
865,Sirfetch’d,,Galar,Sword,
866,Mr. Rime,,Galar,Sword/Shield,
867,Runerigus,,Galar,Sword/Shield,
868,Milcery,,Galar,Sword/Shield,
869,Alcremie,Vanilla Strawberry,Galar,Sword/Shield,
869,Alcremie,Vanilla Berry,Galar,Sword/Shield,
869,Alcremie,Vanilla Love,Galar,Sword/Shield,
869,Alcremie,Vanilla Flower,Galar,Sword/Shield,
869,Alcremie,Vanilla Clover,Galar,Sword/Shield,
869,Alcremie,Vanilla Star,Galar,Sword/Shield,
869,Alcremie,Vanilla Ribbon,Galar,Sword/Shield,
869,Alcremie,Ruby Cream Strawberry,Galar,Sword/Shield,
869,Alcremie,Ruby Cream Berry,Galar,Sword/Shield,
869,Alcremie,Ruby Cream Love,Galar,Sword/Shield,
869,Alcremie,Ruby Cream Flower,Galar,Sword/Shield,
869,Alcremie,Ruby Cream Clover,Galar,Sword/Shield,
869,Alcremie,Ruby Cream Star,Galar,Sword/Shield,
869,Alcremie,Ruby Cream Ribbon,Galar,Sword/Shield,
869,Alcremie,Matcha Strawberyy,Galar,Sword/Shield,
869,Alcremie,Mactha Berry,Galar,Sword/Shield,
869,Alcremie,Matcha Love,Galar,Sword/Shield,
869,Alcremie,Matcha Flower,Galar,Sword/Shield,
869,Alcremie,Matcha Clover,Galar,Sword/Shield,
869,Alcremie,Matcha Star,Galar,Sword/Shield,
869,Alcremie,Matcha Ribbon,Galar,Sword/Shield,
869,Alcremie,Mint Strawberry,Galar,Sword/Shield,
869,Alcremie,Mint Berry,Galar,Sword/Shield,
869,Alcremie,Mint Love,Galar,Sword/Shield,
869,Alcremie,Mint Flower,Galar,Sword/Shield,
869,Alcremie,Mint Clover,Galar,Sword/Shield,
869,Alcremie,Mint Star,Galar,Sword/Shield,
869,Alcremie,Mint Ribbon,Galar,Sword/Shield,
869,Alcremie,Lemon Strawberry,Galar,Sword/Shield,
869,Alcremie,Lemon Berry,Galar,Sword/Shield,
869,Alcremie,Lemon Love,Galar,Sword/Shield,
869,Alcremie,Lemon Flower,Galar,Sword/Shield,
869,Alcremie,Lemon Clover,Galar,Sword/Shield,
869,Alcremie,Lemon Star,Galar,Sword/Shield,
869,Alcremie,Lemon Ribbon,Galar,Sword/Shield,
869,Alcremie,Salted Strawberry,Galar,Sword/Shield,
869,Alcremie,Salted Berry,Galar,Sword/Shield,
869,Alcremie,Salted Love,Galar,Sword/Shield,
869,Alcremie,Salted Flower,Galar,Sword/Shield,
869,Alcremie,Salted Clover,Galar,Sword/Shield,
869,Alcremie,Salted Star,Galar,Sword/Shield,
869,Alcremie,Salted Ribbon,Galar,Sword/Shield,
869,Alcremie,Ruby Swirl Strawberry,Galar,Sword/Shield,
869,Alcremie,Ruby Swirl Berry,Galar,Sword/Shield,
869,Alcremie,Ruby Swirl Love,Galar,Sword/Shield,
869,Alcremie,Ruby Swirl Flower,Galar,Sword/Shield,
869,Alcremie,Ruby Swirl Clover,Galar,Sword/Shield,
869,Alcremie,Ruby Swirl Star,Galar,Sword/Shield,
869,Alcremie,Ruby Swirl Ribbon,Galar,Sword/Shield,
869,Alcremie,Caramel Strawberry,Galar,Sword/Shield,
869,Alcremie,Caramel Berry,Galar,Sword/Shield,
869,Alcremie,Caramel Love,Galar,Sword/Shield,
869,Alcremie,Caramel Flower,Galar,Sword/Shield,
869,Alcremie,Caramel Clover,Galar,Sword/Shield,
869,Alcremie,Caramel Star,Galar,Sword/Shield,
869,Alcremie,Caramel Ribbon,Galar,Sword/Shield,
869,Alcremie,Rainbow Strawberry,Galar,Sword/Shield,
869,Alcremie,Rainbow Berry,Galar,Sword/Shield,
869,Alcremie,Rainbow Love,Galar,Sword/Shield,
869,Alcremie,Rainbow Flower,Galar,Sword/Shield,
869,Alcremie,Rainbow Clover,Galar,Sword/Shield,
869,Alcremie,Rainbow Star,Galar,Sword/Shield,
869,Alcremie,Rainbow Ribbon,Galar,Sword/Shield,
870,Falinks,,Galar,Sword/Shield,
871,Pincurchin,,Galar,Sword/Shield,
872,Snom,,Galar,Sword/Shield,
873,Frosmoth,,Galar,Sword/Shield,
874,Stonjourner,,Galar,Sword,
875,Eiscue,,Galar,Shield,
876,Indeedee,,Galar,Sword,
876,Indeedee,Female,Galar,Shield,
877,Morpeko,,Galar,Sword/Shield,
878,Cufant,,Galar,Sword/Shield,
879,Copperajah,,Galar,Sword/Shield,
880,Dracozolt,,Galar,Sword/Shield,Bird and Drake
881,Arctozolt,,Galar,Sword/Shield,Bird and Dino
882,Dracovish,,Galar,Sword/Shield,Fish and Drake
883,Arctovish,,Galar,Sword/Shield,Fish and Dino
884,Duraludon,,Galar,Sword/Shield,x2 (Archaludon)
885,Dreepy,,Galar,Sword/Shield,
886,Drakloak,,Galar,Sword/Shield,
887,Dragapult,,Galar,Sword/Shield,
888,Zacian,,Galar,Sword,
889,Zamazenta,,Galar,Shield,
890,Eternatus,,Galar,Sword/Shield,
891,Kubfu,,Galar,Sword/Shield,
892,Urshifu,Single,Galar,Sword/Shield,
892,Urshifu,Rapid,Galar,Sword/Shield,
893,Zarude,,Galar,Sword/Shield,
893,Zarude,Dada,Galar,Sword/Shield,
894,Regieleki,,Galar,Sword/Shield,
895,Regidrago,,Galar,Sword/Shield,
896,Glastrier,,Galar,Sword/Shield,
897,Spectrier,,Galar,Sword/Shield,
898,Calyrex,,Galar,Sword/Shield,
999,Wyrdeer,,Johto,Gold/Silver/Crystal/Heart Gold/Soul Silver,
900,Kleavor,,Kanto,Red/Yellow/LG: Pikachu,
901,Ursaluna,,Johto,Gold/Crystal/Heart Gold/Soul Silver,
902,Ursaluna,Bloodmoon,Paldea,Violet,
902,Basculegion,,Hisui,Legends: Arceus,
902,Basculegion,Female,Hisui,Legends: Arceus,
903,Sneasler,,Hisui,Legends: Arceus,
904,Overqwil,,Hisui,Legends: Arceus,
905,Enamorus,Therian Form,Hisui,Legends: Arceus,
905,Enamorus,Incarnate Form,Hisui,Legends: Arceus,
906,Sprigatito,,Paldea,Scarlet/Violet,
907,Floragato,,Paldea,Scarlet/Violet,
908,Meowscarada,,Paldea,Scarlet/Violet,
909,Fuecoco,,Paldea,Scarlet/Violet,
910,Crocalor,,Paldea,Scarlet/Violet,
911,Skeledirge,,Paldea,Scarlet/Violet,
912,Quaxly,,Paldea,Scarlet/Violet,
913,Quaxwell,,Paldea,Scarlet/Violet,
914,Quaquaval,,Paldea,Scarlet/Violet,
915,Lechonk,,Paldea,Scarlet/Violet,
916,Oinkologne,,Paldea,Scarlet/Violet,
916,Oinkologne,Female,Paldea,Scarlet/Violet,
917,Tarountula,,Paldea,Scarlet/Violet,
918,Spidops,,Paldea,Scarlet/Violet,
919,Nymble,,Paldea,Scarlet/Violet,
920,Lokix,,Paldea,Scarlet/Violet,
921,Pawmi,,Paldea,Scarlet/Violet,
922,Pawmo,,Paldea,Scarlet/Violet,
923,Pawmot,,Paldea,Scarlet/Violet,
924,Tandemaus,,Paldea,Scarlet/Violet,
925,Maushold,Family of 3,Paldea,Scarlet/Violet,
925,Maushold,Family of 4,Paldea,Scarlet/Violet,
926,Fidough,,Paldea,Scarlet/Violet,
927,Dachsbun,,Paldea,Scarlet/Violet,
928,Smoliv,,Paldea,Scarlet/Violet,
929,Dolliv,,Paldea,Scarlet/Violet,
930,Arboliva,,Paldea,Scarlet/Violet,
931,Squawkabilly,Green,Paldea,Scarlet/Violet,
931,Squawkabilly,Blue,Paldea,Scarlet/Violet,
931,Squawkabilly,Yellow,Paldea,Scarlet/Violet,
931,Squawkabilly,White,Paldea,Scarlet/Violet,
932,Nacli,,Paldea,Scarlet/Violet,
933,Naclstack,,Paldea,Scarlet/Violet,
934,Garganacl,,Paldea,Scarlet/Violet,
935,Charcadet,,Paldea,Scarlet/Violet,
936,Armarouge,,Paldea,Scarlet,
937,Ceruledge,,Paldea,Violet,
938,Tadbulb,,Paldea,Scarlet/Violet,
939,Bellibolt,,Paldea,Scarlet/Violet,
940,Wattrel,,Paldea,Scarlet/Violet,
941,Kilowattrel,,Paldea,Scarlet/Violet,
942,Maschiff,,Paldea,Scarlet/Violet,
943,Mabosstiff,,Paldea,Scarlet/Violet,
944,Shroodle,,Paldea,Scarlet/Violet,
945,Grafaiai,,Paldea,Scarlet/Violet,
946,Bramblin,,Paldea,Scarlet/Violet,
947,Brambleghast,,Paldea,Scarlet/Violet,
948,Toedscool,,Paldea,Scarlet/Violet,
949,Toedscruel,,Paldea,Scarlet/Violet,
950,Klawf,,Paldea,Scarlet/Violet,
951,Capsakid,,Paldea,Scarlet/Violet,
952,Scovillain,,Paldea,Scarlet/Violet,
953,Rellor,,Paldea,Scarlet/Violet,
954,Rabsca,,Paldea,Scarlet/Violet,
955,Flittle,,Paldea,Scarlet/Violet,
956,Espathra,,Paldea,Scarlet/Violet,
957,Tinkatink,,Paldea,Scarlet/Violet,
958,Tinkatuff,,Paldea,Scarlet/Violet,
959,Tinkaton,,Paldea,Scarlet/Violet,
960,Wiglett,,Paldea,Scarlet/Violet,
961,Wugtrio,,Paldea,Scarlet/Violet,
962,Bombirdier,,Paldea,Scarlet/Violet,
963,Finizen,,Paldea,Scarlet/Violet,
964,Palafin,,Paldea,Scarlet/Violet,
965,Varoom,,Paldea,Scarlet/Violet,
966,Revavroom,,Paldea,Scarlet/Violet,
967,Cyclizar,,Paldea,Scarlet/Violet,
968,Orthworm,,Paldea,Scarlet/Violet,
969,Glimmet,,Paldea,Scarlet/Violet,
970,Glimmora,,Paldea,Scarlet/Violet,
971,Greavard,,Paldea,Scarlet/Violet,
972,Houndstone,,Paldea,Scarlet/Violet,
973,Flamigo,,Paldea,Scarlet/Violet,
974,Cetoddle,,Paldea,Scarlet/Violet,
975,Cetitan,,Paldea,Scarlet/Violet,
976,Veluza,,Paldea,Scarlet/Violet,
977,Dondozo,,Paldea,Scarlet/Violet,
978,Tatsugiri,Curly,Paldea,Scarlet/Violet,
978,Tatsugiri,Droopy,Paldea,Scarlet/Violet,
978,Tatsugiri,Stretchy,Paldea,Scarlet/Violet,
979,Annihilape,,Kanto,Red/Yellow/LG: Pikachu,
980,Clodsire,,Paldea,Scarlet/Violet,
981,Farigiraf,,Johto,Gold/Silver/Heart Gold/Soul Silver,
982,Dudunsparce,2-Segment,Johto,Gold/Silver/Crystal/Heart Gold/Soul Silver,
982,Dudunsparce,3-Segment,Johto,Gold/Silver/Crystal/Heart Gold/Soul Silver,
983,Kingambit,,Unova,Black/White/Black 2/White 2,
984,Great Tusk,,Paldea,Scarlet,
985,Scream Tail,,Paldea,Scarlet,
986,Brute Bonnet,,Paldea,Scarlet,
987,Flutter Mane,,Paldea,Scarlet,
988,Slither Wing,,Paldea,Scarlet,
989,Sandy Shocks,,Paldea,Scarlet,
990,Iron Treads,,Paldea,Violet,
991,Iron Bundle,,Paldea,Violet,
992,Iron Hands,,Paldea,Violet,
993,Iron Jugulis,,Paldea,Violet,
994,Iron Moth,,Paldea,Violet,
995,Iron Thorns,,Paldea,Violet,
996,Frigibax,,Paldea,Scarlet/Violet,
997,Arctibax,,Paldea,Scarlet/Violet,
998,Baxcalibur,,Paldea,Scarlet/Violet,
999,Gimmighoul,Box Form,Paldea,Scarlet/Violet,
999,Gimmighoul,Roaming Form,Go,Go,
1000,Gholdengo,,Paldea,Scarlet/Violet,
1001,Wo-Chien,,Paldea,Scarlet/Violet,
1002,Chien-Pao,,Paldea,Scarlet/Violet,
1003,Ting-Lu,,Paldea,Scarlet/Violet,
1004,Chi-Yu,,Paldea,Scarlet/Violet,
1005,Roaring Moon,,Paldea,Scarlet,
1006,Iron Valiant,,Paldea,Violet,
1007,Koraidon,,Paldea,Scarlet,
1008,Miraidon,,Paldea,Violet,
1009,Walking Wake,,Paldea,Scarlet,
1010,Iron Leaves,,Paldea,Violet,
1011,Dipplin,,Galar,Sword/Shield,
1012,Poltchageist,Phony,Paldea,Scarlet/Violet,
1012,Poltchageist,Antique,Paldea,Scarlet/Violet,
1013,Sinistcha,Phony,Paldea,Scarlet/Violet,
1013,Sinistcha,Antique,Paldea,Scarlet/Violet,
1014,Okidogi,,Paldea,Scarlet/Violet,
1015,Munkidori,,Paldea,Scarlet/Violet,
1016,Fezandipiti,,Paldea,Scarlet/Violet,
1017,Ogerpon,,Paldea,Scarlet/Violet,
1018,Archaludon,,Galar,Sword/Shield,
1019,Hydrapple,,Galar,Sword/Shield,
1020,Gouging Fire,,Paldea,Scarlet,
1021,Raging Bolt,,Paldea,Scarlet,
1022,Iron Boulder,,Paldea,Violet,
1023,Iron Crown,,Paldea,Violet,
1024,Terapagos,,Paldea,Scarlet/Violet,
1025,Pecharunt,,Paldea,Scarlet/Violet,
