Dex #,Pokemon,Form,Gen,Origin Game,Alternative Origin,Notes to obtain
1,Bulbasaur,,1,Red/Blue/Yellow,LG: Pikachu/Eevee,
2,Ivysaur,,1,Red/Blue/Yellow,LG: Pikachu/Eevee,
3,Venusaur,,1,Red/Blue/Yellow,LG: Pikachu/Eevee,All pokemon that can  should be represented by that pokemon.
3,Venusaur,Female,1,Red/Blue/Yellow,LG: Pikachu/Eevee,
4,Charmander,,1,Red/Blue/Yellow,LG: Pikachu/Eevee,
5,Charmeleon,,1,Red/Blue/Yellow,LG: Pikachu/Eevee,
6,Charizard,,1,Red/Blue/Yellow,LG: Pikachu/Eevee,
7,Squirtle,,1,Red/Blue/Yellow,LG: Pikachu/Eevee,
8,Wartortle,,1,Red/Blue/Yellow,LG: Pikachu/Eevee,
9,Blastoise,,1,Red/Blue/Yellow,LG: Pikachu/Eevee,
10,Caterpie,,1,Red/Blue/Yellow,LG: Pikachu/Eevee,
11,Metapod,,1,Red/Blue/Yellow,LG: Pikachu/Eevee,
12,Butterfree,,1,Red/Blue/Yellow,LG: Pikachu/Eevee,
12,Butterfree,Female,1,Red/Blue/Yellow,LG: Pikachu/Eevee,
13,Weedle,,1,Red/Blue,LG: Pikachu/Eevee,
14,Kakuna,,1,Red/Blue,LG: Pikachu/Eevee,
15,Beedrill,,1,Red/Blue,LG: Pikachu/Eevee,
16,Pidgey,,1,Red/Blue/Yellow,LG: Pikachu/Eevee,
17,Pidgeotto,,1,Red/Blue/Yellow,LG: Pikachu/Eevee,
18,Pidgeot,,1,Red/Blue/Yellow,LG: Pikachu/Eevee,
19,Rattata,,1,Red/Blue/Yellow,LG: Pikachu/Eevee,
19,Rattata,Female,1,Red/Blue/Yellow,LG: Pikachu/Eevee,
19,Rattata,Alolan,7,Sun/Moon,US/UM,
20,Raticate,,1,Red/Blue/Yellow,LG: Pikachu/Eevee,
20,Raticate,Female,1,Red/Blue/Yellow,LG: Pikachu/Eevee,
20,Raticate,Alolan,7,Sun/Moon,US/UM,"Route 8, Memorial Hill, Akala Outskirts, Route 10, Tapu Village, Route 14, Route 15, Route 16, Route 17, Mount Lanakila, Poni Plains"
21,Spearow,,1,Red/Blue/Yellow,LG: Pikachu/Eevee,
22,Fearow,,1,Red/Blue/Yellow,LG: Pikachu/Eevee,
23,Ekans,,1,Red/Blue,LG: Eevee,
24,Arbok,,1,Red/Blue,LG: Eevee,
25,Pikachu,"x2 (Alola), ",1,Red/Blue/Yellow,LG: Pikachu/Eevee,
25,Pikachu,Female,1,Red/Blue/Yellow,LG: Pikachu/Eevee,
25,Pikachu,Original Cap,7,Sun/Moon,US/UM,Event (powersaves)
25,Pikachu,Hoenn Cap,7,Sun/Moon,US/UM,Event (powersaves)
25,Pikachu,Sinnoh Cap,7,Sun/Moon,US/UM,Event (powersaves)
25,Pikachu,Unova Cap,7,Sun/Moon,US/UM,Event (powersaves)
25,Pikachu,Kalos Cap,7,Sun/Moon,US/UM,Event (powersaves)
25,Pikachu,Alola Cap,7,Sun/Moon,US/UM,Event (powersaves)
25,Pikachu,Partner Cap,8,Sword/Shield,,Event (pkhex)
25,Pikachu,World Cap,8,Sword/Shield,,Event (pkhex)
26,Raichu,,1,Red/Blue/Yellow,LG: Pikachu/Eevee,
26,Raichu,Female,1,Red/Blue/Yellow,LG: Pikachu/Eevee,
26,Raichu,Alolan,1,Red/Blue/Yellow,LG: Pikachu/Eevee,
27,Sandshrew,,1,Blue/Yellow,LG: Pikachu,
27,Sandshrew,Alolan,7,Moon,UM,"Tapu Village, Route 14, Mount Lanakila	Ultra Moon only. Evolves via Ice Stone."
28,Sandslash,,1,Blue/Yellow,LG: Pikachu,
28,Sandslash,Alolan,7,Moon,UM,Evolves from Sandshrew with an ice stone
29,Nidoran♀,,1,Red/Blue/Yellow,LG: Pikachu/Eevee,
30,Nidorina,,1,Red/Blue/Yellow,LG: Pikachu/Eevee,
31,Nidoqueen,,1,Red/Blue/Yellow,LG: Pikachu/Eevee,
32,Nidoran♂,,1,Red/Blue/Yellow,LG: Pikachu/Eevee,
33,Nidorino,,1,Red/Blue/Yellow,LG: Pikachu/Eevee,
34,Nidoking,,1,Red/Blue/Yellow,LG: Pikachu/Eevee,
35,Clefairy,,1,Red/Blue/Yellow,LG: Pikachu/Eevee,
36,Clefable,,1,Red/Blue/Yellow,LG: Pikachu/Eevee,
37,Vulpix,,1,Blue/Yellow,LG: Eevee,
37,Vulpix,Alolan,7,Sun,US,"Tapu Village, Route 14, Mount Lanakila	Ultra Sun only. Evolves via Ice Stone."
38,Ninetales,,1,Blue/Yellow,LG: Eevee,
38,Ninetales,Alolan,7,Sun,US,Evolves from Vulpix with an ice stone
39,Jigglypuff,,1,Red/Blue/Yellow,LG: Pikachu/Eevee,
40,Wigglytuff,,1,Red/Blue/Yellow,LG: Pikachu/Eevee,
41,Zubat,x2 (Crobat),1,Red/Blue/Yellow,LG: Pikachu/Eevee,
41,Zubat,Female,1,Red/Blue/Yellow,LG: Pikachu/Eevee,
42,Golbat,,1,Red/Blue/Yellow,LG: Pikachu/Eevee,
42,Golbat,Female,1,Red/Blue/Yellow,LG: Pikachu/Eevee,
43,Oddish,x2 (Bellossom),1,Red/Yellow,LG: Pikachu,
44,Gloom,,1,Red/Yellow,LG: Pikachu,
44,Gloom,Female,1,Red/Yellow,LG: Pikachu,
45,Vileplume,,1,Red/Yellow,LG: Pikachu,
45,Vileplume,Female,1,Red/Yellow,LG: Pikachu,
46,Paras,,1,Red/Blue/Yellow,LG: Pikachu/Eevee,
47,Parasect,,1,Red/Blue/Yellow,LG: Pikachu/Eevee,
48,Venonat,,1,Red/Blue/Yellow,LG: Pikachu/Eevee,
49,Venomoth,,1,Red/Blue/Yellow,LG: Pikachu/Eevee,
50,Diglett,,1,Red/Blue/Yellow,LG: Pikachu/Eevee,
50,Diglett,Alolan,7,Sun/Moon,US/UM,
51,Dugtrio,,1,Red/Blue/Yellow,LG: Pikachu/Eevee,
51,Dugtrio,Alolan,7,Sun/Moon,US/UM,
52,Meowth,,1,Blue,LG: Eevee,
52,Meowth,Alolan,7,Sun/Moon,US/UM,
52,Meowth,Galarian,8,Sword/Shield,,
53,Persian,,1,Blue,LG: Eevee,
53,Persian,Alolan,7,Sun/Moon,US/UM,"Malie Garden, or Meowth: Route 2, Hau’oli City (Shopping District), Hau’oli City (Marina), Route 1 (Trainers’ School), Malie Garden	Evolves via level-up with high happiness."
54,Psyduck,,1,Red/Blue/Yellow,LG: Pikachu/Eevee,
55,Golduck,,1,Red/Blue/Yellow,LG: Pikachu/Eevee,
56,Mankey,x2 (Annihilape),1,Red/Yellow,LG: Pikachu,
57,Primeape,,1,Red/Yellow,LG: Pikachu,
58,Growlithe,,1,Red/Yellow,LG: Pikachu,
58,Growlithe,Hisuian,8.5,Arceus,,"Cobalt Coastlands: Windbreak Stand, Veilstone Cape, massive mass outbreaks (Hisuian Form)"
59,Arcanine,,1,Red/Yellow,LG: Pikachu/Eevee,
59,Arcanine,Hisuian,8.5,Arceus,,Evolves from Growlithe with a fire stone
60,Poliwag,x3 (Politoed both genders),1,Red/Blue/Yellow,LG: Pikachu/Eevee,
61,Poliwhirl,,1,Red/Blue/Yellow,LG: Pikachu/Eevee,
62,Poliwrath,,1,Red/Blue/Yellow,LG: Pikachu/Eevee,
63,Abra,,1,Red/Blue/Yellow,LG: Pikachu/Eevee,
64,Kadabra,,1,Red/Blue/Yellow,LG: Pikachu/Eevee,
64,Kadabra,Female,1,Red/Blue/Yellow,LG: Pikachu/Eevee,
65,Alakazam,,1,Red/Blue/Yellow,LG: Pikachu/Eevee,
65,Alakazam,Female,1,Red/Blue/Yellow,LG: Pikachu/Eevee,
66,Machop,,1,Red/Blue/Yellow,LG: Pikachu/Eevee,
67,Machoke,,1,Red/Blue/Yellow,LG: Pikachu/Eevee,
68,Machamp,,1,Red/Blue/Yellow,LG: Pikachu/Eevee,
69,Bellsprout,,1,Blue/Yellow,LG: Eevee,
70,Weepinbell,,1,Blue/Yellow,LG: Eevee,
71,Victreebel,,1,Blue/Yellow,LG: Eevee,
72,Tentacool,,1,Red/Blue/Yellow,LG: Pikachu/Eevee,
73,Tentacruel,,1,Red/Blue/Yellow,LG: Pikachu/Eevee,
74,Geodude,,1,Red/Blue/Yellow,LG: Pikachu/Eevee,
74,Geodude,Alolan,7,Sun/Moon,US/UM,"Route 12 and Blush Mountain, evolves at level 25"
75,Graveler,,1,Red/Blue/Yellow,LG: Pikachu/Eevee,
75,Graveler,Alolan,7,Sun/Moon,US/UM,Evolves from Geodude at level 25
76,Golem,,1,Red/Blue/Yellow,LG: Pikachu/Eevee,
76,Golem,Alolan,7,Sun/Moon,US/UM,Evolves from Graveler by trading
77,Ponyta,,1,Red/Blue/Yellow,LG: Pikachu/Eevee,
77,Ponyta,Galarian,8,Shield,,"Glimwood Tangle (Galarian Form)
Bridge Field (Max Raid Battle) (Galarian Form)"
78,Rapidash,,1,Red/Blue/Yellow,LG: Pikachu/Eevee,
78,Rapidash,Galarian,8,Shield,,40
79,Slowpoke,x2 (slowking),1,Red/Blue/Yellow,LG: Pikachu/Eevee,
79,Slowpoke,Galarian,8,Sword/Shield,,
80,Slowbro,,1,Red/Blue/Yellow,LG: Pikachu/Eevee,
80,Slowbro,Galarian,8,Sword/Shield,,
81,Magnemite,x2 (Magnezone),1,Red/Blue/Yellow,LG: Pikachu/Eevee,
82,Magneton,,1,Red/Blue/Yellow,LG: Pikachu/Eevee,
83,Farfetch’d,,1,Red/Blue/Yellow,LG: Pikachu/Eevee,
83,Farfetch’d,Galarian,8,Sword,,"Route 5, Giant's Mirror (Galarian Form)
Dusty Bowl, North Lake Miloch, Stony Wilderness (Max Raid Battle) (Galarian Form)"
84,Doduo,,1,Red/Blue/Yellow,LG: Pikachu/Eevee,
84,Doduo,Female,1,Red/Blue/Yellow,LG: Pikachu/Eevee,
85,Dodrio,,1,Red/Blue/Yellow,LG: Pikachu/Eevee,
85,Dodrio,Female,1,Red/Blue/Yellow,LG: Pikachu/Eevee,
86,Seel,,1,Red/Blue/Yellow,LG: Pikachu/Eevee,
87,Dewgong,,1,Red/Blue/Yellow,LG: Pikachu/Eevee,
88,Grimer,,1,Red/Blue/Yellow,LG: Pikachu,
88,Grimer,Alolan,7,Ultra Sun,,"Hau’oli City (Shopping District), Hau’oli City (Marina), Route 1 (Trainers’ School), Malie City, Malie City (Outer Cape)	Evolves at level 38."
89,Muk,,1,Red/Blue/Yellow,LG: Pikachu,
89,Muk,Alolan,7,Ultra Sun,,Evolves from Grimer at level 38
90,Shellder,,1,Red/Blue/Yellow,LG: Pikachu/Eevee,
91,Cloyster,,1,Red/Blue/Yellow,LG: Pikachu/Eevee,
92,Gastly,,1,Red/Blue/Yellow,LG: Pikachu/Eevee,
93,Haunter,,1,Red/Blue/Yellow,LG: Pikachu/Eevee,
94,Gengar,,1,Red/Blue/Yellow,LG: Pikachu/Eevee,
95,Onix,x3 (Steelix) (male and female),1,Red/Blue/Yellow,LG: Pikachu/Eevee,
96,Drowzee,,1,Red/Blue/Yellow,LG: Pikachu/Eevee,
97,Hypno,,1,Red/Blue/Yellow,LG: Pikachu/Eevee,
97,Hypno,Female,1,Red/Blue/Yellow,LG: Pikachu/Eevee,
98,Krabby,,1,Red/Blue/Yellow,LG: Pikachu/Eevee,
99,Kingler,,1,Red/Blue/Yellow,LG: Pikachu/Eevee,
100,Voltorb,,1,Red/Blue/Yellow,LG: Pikachu/Eevee,
100,Voltorb,Hisuian,8.5,Arceus,,"Coronet Highlands: Celestica Ruins (in boxes), Sacred Plaza (also in boxes), massive mass outbreaks (Hisuian Form)"
101,Electrode,,1,Red/Blue/Yellow,LG: Pikachu/Eevee,
101,Electrode,Hisuian,8.5,Arceus,,Evolves from Voltorb with a leaf stone
102,Exeggcute,,1,Red/Blue/Yellow,LG: Pikachu/Eevee,
103,Exeggutor,,1,Red/Blue/Yellow,LG: Pikachu/Eevee,
103,Exeggutor,Alolan,1,Red/Blue/Yellow,LG: Pikachu/Eevee,
104,Cubone,x2 (Alola),1,Red/Blue/Yellow,LG: Pikachu/Eevee,
105,Marowak,,1,Red/Blue/Yellow,LG: Pikachu/Eevee,
105,Marowak,Alolan,1,Red/Blue/Yellow,LG: Pikachu/Eevee,
106,Hitmonlee,,1,Red/Blue/Yellow,LG: Pikachu/Eevee,
107,Hitmonchan,,1,Red/Blue/Yellow,LG: Pikachu/Eevee,
108,Lickitung,x2 (Lickilicky),1,Red/Blue/Yellow,LG: Pikachu/Eevee,
109,Koffing,x2 (Galar),1,Red/Blue,LG: Eevee,
110,Weezing,,1,Red/Blue,LG: Eevee,
110,Weezing,Galarian,1,Red/Blue,LG: Eevee,35
111,Rhyhorn,x2 (Rhyperior),1,Red/Blue/Yellow,LG: Pikachu/Eevee,
111,Rhyhorn,Female x2 (Rhyperior),1,Red/Blue/Yellow,LG: Pikachu/Eevee,
112,Rhydon,,1,Red/Blue/Yellow,LG: Pikachu/Eevee,
112,Rhydon,Female,1,Red/Blue/Yellow,LG: Pikachu/Eevee,
113,Chansey,x2 (Blissey),1,Red/Blue/Yellow,LG: Pikachu/Eevee,
114,Tangela,x3 (Tangrowth both genders),1,Red/Blue/Yellow,LG: Pikachu/Eevee,
115,Kangaskhan,,1,Red/Blue/Yellow,LG: Pikachu/Eevee,
116,Horsea,x2 (Kingdra),1,Red/Blue/Yellow,LG: Pikachu/Eevee,
117,Seadra,,1,Red/Blue/Yellow,LG: Pikachu/Eevee,
118,Goldeen,,1,Red/Blue/Yellow,LG: Pikachu/Eevee,
118,Goldeen,Female,1,Red/Blue/Yellow,LG: Pikachu/Eevee,
119,Seaking,,1,Red/Blue/Yellow,LG: Pikachu/Eevee,
119,Seaking,Female,1,Red/Blue/Yellow,LG: Pikachu/Eevee,
120,Staryu,,1,Red/Blue/Yellow,LG: Pikachu/Eevee,
121,Starmie,,1,Red/Blue/Yellow,LG: Pikachu/Eevee,
122,Mr. Mime,,1,Red/Blue/Yellow,LG: Pikachu/Eevee,
122,Mr. Mime,Galarian,8,Sword/Shield,,
123,Scyther,"x3 (Scizor, Kleavor)",1,Red/Yellow,LG: Pikachu,
123,Scyther,Female x2 (scizor),1,Red/Yellow,LG: Pikachu,
124,Jynx,,1,Red/Blue,LG: Pikachu/Eevee,
125,Electabuzz,x2 (Electrivire),1,Red,LG: Pikachu/Eevee,
126,Magmar,x2 (Magmortar),1,Blue,LG: Pikachu/Eevee,
127,Pinsir,,1,Blue/Yellow,LG: Eevee,
128,Tauros,,1,Red/Blue/Yellow,LG: Pikachu/Eevee,
128,Tauros,Paldean,9,Scarlet/Violet,,
128,Tauros,Paldean-Fire,9,Scarlet,,
128,Tauros,Paldean-Water,9,Violet,,
129,Magikarp,,1,Red/Blue/Yellow,LG: Pikachu/Eevee,
129,Magikarp,Female,1,Red/Blue/Yellow,LG: Pikachu/Eevee,
130,Gyarados,,1,Red/Blue/Yellow,LG: Pikachu/Eevee,
130,Gyarados,Female,1,Red/Blue/Yellow,LG: Pikachu/Eevee,
131,Lapras,,1,Red/Blue/Yellow,LG: Pikachu/Eevee,
132,Ditto,,1,Red/Blue/Yellow,LG: Pikachu/Eevee,
133,Eevee,"x9 (Eeveelutions), ",1,Red/Blue/Yellow,LG: Pikachu/Eevee,
133,Eevee,Female,1,Red/Blue/Yellow,LG: Pikachu/Eevee,
134,Vaporeon,,1,Red/Blue/Yellow,LG: Pikachu/Eevee,
135,Jolteon,,1,Red/Blue/Yellow,LG: Pikachu/Eevee,
136,Flareon,,1,Red/Blue/Yellow,LG: Pikachu/Eevee,
137,Porygon,,1,Red/Blue/Yellow,LG: Pikachu/Eevee,
138,Omanyte,,1,Red/Blue/Yellow,LG: Pikachu/Eevee,
139,Omastar,,1,Red/Blue/Yellow,LG: Pikachu/Eevee,
140,Kabuto,,1,Red/Blue/Yellow,LG: Pikachu/Eevee,
141,Kabutops,,1,Red/Blue/Yellow,LG: Pikachu/Eevee,
142,Aerodactyl,,1,Red/Blue/Yellow,LG: Pikachu/Eevee,
143,Snorlax,,1,Red/Blue/Yellow,LG: Pikachu/Eevee,
144,Articuno,,1,Red/Blue/Yellow,LG: Pikachu/Eevee,
144,Articuno,Galarian,8,Sword/Shield,,Expansion Pass: Roaming Crown Tundra (Only one) (Galarian Form)
145,Zapdos,,1,Red/Blue/Yellow,LG: Pikachu/Eevee,
145,Zapdos,Galarian,8,Sword/Shield,,Expansion Pass: Roaming Wild Area (Only one) (Galarian Form)
146,Moltres,,1,Red/Blue/Yellow,LG: Pikachu/Eevee,
146,Moltres,Galarian,8,Sword/Shield,,Expansion Pass: Roaming Isle of Armor (Only one) (Galarian Form)
147,Dratini,,1,Red/Blue/Yellow,LG: Pikachu/Eevee,
148,Dragonair,,1,Red/Blue/Yellow,LG: Pikachu/Eevee,
149,Dragonite,,1,Red/Blue/Yellow,LG: Pikachu/Eevee,
150,Mewtwo,,1,Red/Blue/Yellow,LG: Pikachu/Eevee,
151,Mew,,1,Red/Blue/Yellow,LG: Pikachu/Eevee,R/B: https://www.youtube.com/watch?v=rvhuJsS4EhE&t=473s Yellow: https://www.reddit.com/r/pokemon/comments/7c5fpc
152,Chikorita,,2,Gold/Silver/Crystal,HGSS,
153,Bayleef,,2,Gold/Silver/Crystal,HGSS,
154,Meganium,,2,Gold/Silver/Crystal,HGSS,
154,Meganium,Female,2,Gold/Silver/Crystal,HGSS,
155,Cyndaquil,,2,Gold/Silver/Crystal,HGSS,
156,Quilava,,2,Gold/Silver/Crystal,HGSS,
157,Typhlosion,,2,Gold/Silver/Crystal,HGSS,
157,Typhlosion,Hisuian,2,Gold/Silver/Crystal,HGSS,Evolves from Quilava at level 36
158,Totodile,,2,Gold/Silver/Crystal,HGSS,
159,Croconaw,,2,Gold/Silver/Crystal,HGSS,
160,Feraligatr,,2,Gold/Silver/Crystal,HGSS,
161,Sentret,,2,Gold/Silver/Crystal,HGSS,"Route 29, 4am-6pm"
162,Furret,,2,Gold/Silver/Crystal,HGSS,
163,Hoothoot,,2,Gold/Silver/Crystal,HGSS,
164,Noctowl,,2,Gold/Silver/Crystal,HGSS,
165,Ledyba,,2,Silver/Crystal,SS,"Route 30, 4am-10am"
165,Ledyba,Female,2,Silver/Crystal,SS,
166,Ledian,,2,Silver/Crystal,SS,
166,Ledian,Female,2,Silver/Crystal,SS,
167,Spinarak,,2,Gold/Crystal,HG,
168,Ariados,,2,Gold/Crystal,HG,"Route 37, 6pm-4am"
169,Crobat,,1,Red/Blue/Yellow,LG: Pikachu/Eevee,
170,Chinchou,,2,Gold/Silver/Crystal,HGSS,
171,Lanturn,,2,Gold/Silver/Crystal,HGSS,
172,Pichu,,2,Gold/Silver/Crystal,HGSS,Gift egg (two pikachu in daycare)
173,Cleffa,,2,Gold/Silver/Crystal,HGSS,Gift egg
174,Igglybuff,,2,Gold/Silver/Crystal,HGSS,Gift egg
175,Togepi,x2 (togekiss),2,Gold/Silver/Crystal,HGSS,
176,Togetic,,2,Gold/Silver/Crystal,HGSS,
177,Natu,,2,Gold/Silver/Crystal,HGSS,
178,Xatu,,2,Gold/Silver/Crystal,HGSS,
178,Xatu,Female,2,Gold/Silver/Crystal,HGSS,
179,Mareep,,2,Gold/Silver,HGSS,"Route 32, Route 42, Route 43"
180,Flaaffy,,2,Gold/Silver,HGSS,Evolves from Mareep
181,Ampharos,,2,Gold/Silver,HGSS,Evolves from Flaaffy
182,Bellossom,,1,Red/Yellow,LG: Pikachu,
183,Marill,,2,Gold/Silver/Crystal,HGSS,
184,Azumarill,,2,Gold/Silver/Crystal,HGSS,
185,Sudowoodo,,2,Gold/Silver/Crystal,HGSS,
185,Sudowoodo,Female,2,Gold/Silver/Crystal,HGSS,
186,Politoed,,1,Red/Blue/Yellow,LG: Pikachu/Eevee,
186,Politoed,Female,1,Red/Blue/Yellow,LG: Pikachu/Eevee,
187,Hoppip,,2,Gold/Silver/Crystal,HGSS,Route 29 4am-6pm
188,Skiploom,,2,Gold/Silver/Crystal,HGSS,
189,Jumpluff,,2,Gold/Silver/Crystal,HGSS,
190,Aipom,x2 (ambipom),2,Gold/Silver/Crystal,HGSS,
190,Aipom,Female x2 (ambipom),2,Gold/Silver/Crystal,HGSS,
191,Sunkern,,2,Gold/Silver/Crystal,HGSS,
192,Sunflora,,2,Gold/Silver/Crystal,HGSS,
193,Yanma,x2 (Yanmega),2,Gold/Silver/Crystal,HGSS,Route 35 (4am-10am?)
194,Wooper,,2,Gold/Silver/Crystal,HGSS,
194,Wooper,Female,2,Gold/Silver/Crystal,HGSS,
194,Wooper,Paldean,9,Scarlet/Violet,,
195,Quagsire,,2,Gold/Silver/Crystal,HGSS,
195,Quagsire,Female,2,Gold/Silver/Crystal,HGSS,
196,Espeon,,1,Red/Blue/Yellow,LG: Pikachu/Eevee,
197,Umbreon,,1,Red/Blue/Yellow,LG: Pikachu/Eevee,
198,Murkrow,x2 (Honchcrow),2,Gold/Silver/Crystal,HGSS,"Route 7, 6pm-4am"
198,Murkrow,Female,2,Gold/Silver/Crystal,HGSS,"Route 7, 6pm-4am"
199,Slowking,,1,Red/Blue/Yellow,LG: Pikachu/Eevee,
199,Slowking,Galarian,8,Sword/Shield,,Evolve Slowpoke (Galarian Form)
200,Misdreavus,x2 (Mismagius),2,Gold/Silver/Crystal,HGSS,"Mt. Silver, 2f, 6pm-4am"
201,Unown,A,2,Gold/Silver/Crystal,HGSS,
201,Unown,B,2,Gold/Silver/Crystal,HGSS,
201,Unown,C,2,Gold/Silver/Crystal,HGSS,
201,Unown,D,2,Gold/Silver/Crystal,HGSS,
201,Unown,E,2,Gold/Silver/Crystal,HGSS,
201,Unown,F,2,Gold/Silver/Crystal,HGSS,
201,Unown,G,2,Gold/Silver/Crystal,HGSS,
201,Unown,H,2,Gold/Silver/Crystal,HGSS,
201,Unown,I,2,Gold/Silver/Crystal,HGSS,
201,Unown,J,2,Gold/Silver/Crystal,HGSS,
201,Unown,K,2,Gold/Silver/Crystal,HGSS,
201,Unown,L,2,Gold/Silver/Crystal,HGSS,
201,Unown,M,2,Gold/Silver/Crystal,HGSS,
201,Unown,N,2,Gold/Silver/Crystal,HGSS,
201,Unown,O,2,Gold/Silver/Crystal,HGSS,
201,Unown,P,2,Gold/Silver/Crystal,HGSS,
201,Unown,Q,2,Gold/Silver/Crystal,HGSS,
201,Unown,R,2,Gold/Silver/Crystal,HGSS,
201,Unown,S,2,Gold/Silver/Crystal,HGSS,
201,Unown,T,2,Gold/Silver/Crystal,HGSS,
201,Unown,U,2,Gold/Silver/Crystal,HGSS,
201,Unown,V,2,Gold/Silver/Crystal,HGSS,
201,Unown,W,2,Gold/Silver/Crystal,HGSS,
201,Unown,X,2,Gold/Silver/Crystal,HGSS,
201,Unown,Y,2,Gold/Silver/Crystal,HGSS,
201,Unown,Z,2,Gold/Silver/Crystal,HGSS,
201,Unown,!,2,HGSS,HGSS,
201,Unown,?,2,HGSS,HGSS,
202,Wobbuffet,,2,Gold/Silver/Crystal,HGSS,"Dark Cave, Blackthorn City Entrance, 6pm-4am"
202,Wobbuffet,Female,2,Gold/Silver/Crystal,HGSS,"Dark Cave, Blackthorn City Entrance, 6pm-4am"
203,Girafarig,x2 (Farigiraf),2,Gold/Silver,HGSS,Route 43
203,Girafarig,Female,2,Gold/Silver,HGSS,Route 43
204,Pineco,,2,Gold/Silver/Crystal,HGSS,
205,Forretress,,2,Gold/Silver/Crystal,HGSS,
206,Dunsparce,x as many as you can (Dudunsparce 2 and 3 segment),2,Gold/Silver/Crystal,HGSS,"Dark Cave, Violet City Entrance"
207,Gligar,x2 (Gliscor),2,Gold/Crystal,HG,Route 45
207,Gligar,Female,2,Gold/Crystal,HG,Route 45
208,Steelix,,1,Red/Blue/Yellow,LG: Pikachu/Eevee,
208,Steelix,Female,1,Red/Blue/Yellow,LG: Pikachu/Eevee,
209,Snubbull,,2,Gold/Silver/Crystal,HGSS,
210,Granbull,,2,Gold/Silver/Crystal,HGSS,
211,Qwilfish,,2,Gold/Silver/Crystal,HGSS,"Route 32, Super Rod"
211,Qwilfish,Hisuian,8.5,Arceus,,"Obsidian Fieldlands: near Ramanas Island (Hisuian Form)
Cobalt Coastlands: near Bathers' Lagoon, near Hideaway Bay, near Tombolo Walk, near Sand's Reach, Tranquility Cove, Islespy Shore and nearby (additional Alpha icon.png), Lunker's Lair, near Seagrass Haven, near Firespit Island, massive mass outbreaks (Hisuian Form)"
212,Scizor,,1,Red/Yellow,LG:Pikachu,
212,Scizor,Female,1,Red/Yellow,LG:Pikachu,
213,Shuckle,,2,Gold/Silver/Crystal,HGSS,
214,Heracross,,2,Gold/Silver/Crystal,HGSS,
214,Heracross,Female,2,Gold/Silver/Crystal,HGSS,
215,Sneasel,x2 (Weavile),2,Gold/Silver/Crystal,HGSS,"Ice Path, b3f, 6pm-4am"
215,Sneasel,Female 2x (Weavile),2,Gold/Silver/Crystal,HGSS,"Ice Path, b3f, 6pm-4am"
215,Sneasel,Hisuian,8.5,Arceus,,"Coronet Highlands: near Celestica Trail, near Primeval Grotto, massive mass outbreaks (Hisuian Form)
Alabaster Icelands: near Avalugg's Legacy (additional Alpha icon.png), Glacier Terrace, near Pearl Settlement (Hisuian Form)"
215,Sneasel,Female-Hisuian,8.5,Arceus,,"Coronet Highlands: near Celestica Trail, near Primeval Grotto, massive mass outbreaks (Hisuian Form)
Alabaster Icelands: near Avalugg's Legacy (additional Alpha icon.png), Glacier Terrace, near Pearl Settlement (Hisuian Form)"
216,Teddiursa,,2,Gold/Crystal,SS,"Dark Cave, Blackthorn City Entrance, 4am-10am"
217,Ursaring,x2 (Ursaluna),2,Gold/Crystal,SS,
217,Ursaring,Female,2,Gold/Crystal,SS,
218,Slugma,,2,Gold/Silver/Crystal,HGSS,"Route 17, 10am-6pm"
219,Magcargo,,2,Gold/Silver/Crystal,HGSS,
220,Swinub,x3 (Mamoswine) (Male and Female),2,Gold/Silver/Crystal,HGSS,
221,Piloswine,,2,Gold/Silver/Crystal,HGSS,
221,Piloswine,Female,2,Gold/Silver/Crystal,HGSS,
222,Corsola,,2,Gold/Silver/Crystal,HGSS,"Route 34, Super Rod, 4am-6pm"
222,Corsola,Galarian,8,Shield,,"Giant's Mirror (Galarian Form)
Giant's Mirror, South Lake Miloch, Stony Wilderness, Watchtower Ruins (Max Raid Battle) (Galarian Form)"
223,Remoraid,,2,Gold/Silver,HGSS,Route 44
224,Octillery,,2,Gold/Silver,HGSS,Evolves from remoraid
224,Octillery,Female,2,Gold/Silver,HGSS,Evolves from remoraid
225,Delibird,,2,Silver/Crystal,SS,"Ice Path, 6pm-4am"
226,Mantine,,2,Gold/Crystal,HG,
227,Skarmory,,2,Silver/Crystal,SS,"Route 45, 4am-6pm"
228,Houndour,,2,Gold/Silver/Crystal,HGSS,"Route 7, 6pm-4am"
229,Houndoom,,2,Gold/Silver/Crystal,HGSS,
229,Houndoom,Female,2,Gold/Silver/Crystal,HGSS,
230,Kingdra,,1,Red/Blue/Yellow,LG: Pikachu/Eevee,
231,Phanpy,,2,Silver/Crystal,HG,"Route 45, 4am-10am"
232,Donphan,,2,Silver/Crystal,HG,
232,Donphan,Female,2,Silver/Crystal,HG,
233,Porygon2,,1,Red/Blue/Yellow,LG: Pikachu/Eevee,
234,Stantler,x2 (Wyrdeer),2,Gold/Silver/Crystal,HGSS,"Route 37, 6pm-4am"
235,Smeargle,,2,Gold/Silver/Crystal,HGSS,"Ruins Of Alph, Outside, 10am-6pm"
236,Tyrogue,,2,Gold/Silver/Crystal,HGSS,Breed with Ditto
237,Hitmontop,,2,Gold/Silver/Crystal,HGSS,Evolve tyrogue at level 20 with equal attack and defence (box 2)
238,Smoochum,,2,Gold/Silver/Crystal,HGSS,Have to remove 'dizzy punch' move as transfer wrongly thinks it's an illegal move
239,Elekid,,2,Gold/Silver/Crystal,HGSS,Gift egg
240,Magby,,2,Gold/Silver/Crystal,HGSS,Gift egg
241,Miltank,,2,Gold/Silver/Crystal,HGSS,"Route 38, 4am-6pm"
242,Blissey,,1,Red/Blue/Yellow,LG: Pikachu/Eevee,
243,Raikou,,2,Gold/Silver/Crystal,HGSS,
244,Entei,,2,Gold/Silver/Crystal,HGSS,
245,Suicune,,2,Gold/Silver/Crystal,HGSS,
246,Larvitar,,2,Gold/Silver/Crystal,HGSS,"Mt Silver, Top, 4am-6pm"
247,Pupitar,,2,Gold/Silver/Crystal,HGSS,Evolves from larvitar
248,Tyranitar,,2,Gold/Silver/Crystal,HGSS,Evolves from pupitar
249,Lugia,,2,Gold/Silver/Crystal,HGSS,https://strategywiki.org/wiki/Pok%C3%A9mon_Gold_and_Silver/Whirl_Islands
250,Ho-Oh,,2,Gold/Silver/Crystal,HGSS,https://strategywiki.org/wiki/Pok%C3%A9mon_Gold_and_Silver/Tin_Tower
251,Celebi,,2,Crystal,,
252,Treecko,,3,Ruby/Sapphire/Emerald,ORAS,
253,Grovyle,,3,Ruby/Sapphire/Emerald,ORAS,
254,Sceptile,,3,Ruby/Sapphire/Emerald,ORAS,
255,Torchic,,3,Ruby/Sapphire/Emerald,ORAS,
255,Torchic,Female,3,Ruby/Sapphire/Emerald,ORAS,
256,Combusken,,3,Ruby/Sapphire/Emerald,ORAS,
256,Combusken,Female,3,Ruby/Sapphire/Emerald,ORAS,
257,Blaziken,,3,Ruby/Sapphire/Emerald,ORAS,
257,Blaziken,Female,3,Ruby/Sapphire/Emerald,ORAS,
258,Mudkip,,3,Ruby/Sapphire/Emerald,ORAS,
259,Marshtomp,,3,Ruby/Sapphire/Emerald,ORAS,
260,Swampert,,3,Ruby/Sapphire/Emerald,ORAS,
261,Poochyena,,3,Ruby/Sapphire/Emerald,ORAS,
262,Mightyena,,3,Ruby/Sapphire/Emerald,ORAS,
263,Zigzagoon,,3,Ruby/Sapphire/Emerald,ORAS,X/ R2
263,Zigzagoon,Galarian,8,Sword/Shield,,
264,Linoone,,3,Ruby/Sapphire/Emerald,ORAS,
264,Linoone,Galarian,8,Sword/Shield,,Evolves at level 20
265,Wurmple,,3,Ruby/Sapphire/Emerald,ORAS,
266,Silcoon,,3,Ruby/Sapphire/Emerald,ORAS,
267,Beautifly,male,3,Ruby/Sapphire/Emerald,ORAS,
267,Beautifly,Female,3,Ruby/Sapphire/Emerald,ORAS,
268,Cascoon,,3,Ruby/Sapphire/Emerald,ORAS,
269,Dustox,,3,Ruby/Sapphire/Emerald,ORAS,
269,Dustox,Female,3,Ruby/Sapphire/Emerald,ORAS,
270,Lotad,,3,Sapphire/Emerald,Alpha Sapphire,
271,Lombre,,3,Sapphire/Emerald,Alpha Sapphire,
272,Ludicolo,,3,Sapphire/Emerald,Alpha Sapphire,
272,Ludicolo,Female,3,Sapphire/Emerald,Alpha Sapphire,
273,Seedot,,3,Ruby/Emerald,Omega Ruby,
274,Nuzleaf,,3,Ruby/Emerald,Omega Ruby,
274,Nuzleaf,Female,3,Ruby/Emerald,Omega Ruby,
275,Shiftry,,3,Ruby/Emerald,Omega Ruby,
275,Shiftry,Female,3,Ruby/Emerald,Omega Ruby,
276,Taillow,,3,Ruby/Sapphire/Emerald,ORAS,
277,Swellow,,3,Ruby/Sapphire/Emerald,ORAS,
278,Wingull,,3,Ruby/Sapphire/Emerald,ORAS,
279,Pelipper,,3,Ruby/Sapphire/Emerald,ORAS,
280,Ralts,x2 (gallade) (male),3,Ruby/Sapphire/Emerald,ORAS,
281,Kirlia,,3,Ruby/Sapphire/Emerald,ORAS,
282,Gardevoir,,3,Ruby/Sapphire/Emerald,ORAS,
283,Surskit,,3,Ruby/Sapphire,ORAS,
284,Masquerain,,3,Ruby/Sapphire,ORAS,
285,Shroomish,,3,Ruby/Sapphire/Emerald,ORAS,
286,Breloom,,3,Ruby/Sapphire/Emerald,ORAS,
287,Slakoth,,3,Ruby/Sapphire/Emerald,ORAS,
288,Vigoroth,,3,Ruby/Sapphire/Emerald,ORAS,
289,Slaking,,3,Ruby/Sapphire/Emerald,ORAS,
290,Nincada,,3,Ruby/Sapphire/Emerald,ORAS,
291,Ninjask,,3,Ruby/Sapphire/Emerald,ORAS,
292,Shedinja,,3,Ruby/Sapphire/Emerald,ORAS,
293,Whismur,,3,Ruby/Sapphire/Emerald,ORAS,
294,Loudred,,3,Ruby/Sapphire/Emerald,ORAS,
295,Exploud,,3,Ruby/Sapphire/Emerald,ORAS,
296,Makuhita,,3,Ruby/Sapphire/Emerald,ORAS,
297,Hariyama,,3,Ruby/Sapphire/Emerald,ORAS,
298,Azurill,,3,Ruby/Sapphire/Emerald,ORAS,
299,Nosepass,x2 (probopass),3,Ruby/Sapphire/Emerald,ORAS,"Granite cave, rocks, rock smash (mach bike)"
300,Skitty,,3,Ruby/Sapphire/Emerald,ORAS,
301,Delcatty,,3,Ruby/Sapphire/Emerald,ORAS,
302,Sableye,,3,Sapphire/Emerald,Alpha Sapphire,
303,Mawile,,3,Ruby/Emerald,Omega Ruby,
304,Aron,,3,Ruby/Sapphire/Emerald,ORAS,Granite cave or victory road
305,Lairon,,3,Ruby/Sapphire/Emerald,ORAS,
306,Aggron,,3,Ruby/Sapphire/Emerald,ORAS,
307,Meditite,,3,Ruby/Sapphire,ORAS,
307,Meditite,Female,3,Ruby/Sapphire,ORAS,
308,Medicham,,3,Ruby/Sapphire,ORAS,
308,Medicham,Female,3,Ruby/Sapphire,ORAS,
309,Electrike,,3,Ruby/Sapphire/Emerald,ORAS,
310,Manectric,,3,Ruby/Sapphire/Emerald,ORAS,
311,Plusle,,3,Ruby/Sapphire/Emerald,ORAS,
312,Minun,,3,Ruby/Sapphire/Emerald,ORAS,
313,Volbeat,,3,Ruby/Sapphire/Emerald,ORAS,
314,Illumise,,3,Ruby/Sapphire/Emerald,ORAS,
315,Roselia, ,3,Ruby/Sapphire,ORAS,
315,Roselia,Female x2 (roserade),3,Ruby/Sapphire,ORAS,
316,Gulpin,male,3,Ruby/Sapphire/Emerald,ORAS,
316,Gulpin,Female,3,Ruby/Sapphire/Emerald,ORAS,
317,Swalot,male,3,Ruby/Sapphire/Emerald,ORAS,
317,Swalot,Female,3,Ruby/Sapphire/Emerald,ORAS,
318,Carvanha,,3,Ruby/Sapphire/Emerald,ORAS,
319,Sharpedo,,3,Ruby/Sapphire/Emerald,ORAS,
320,Wailmer,,3,Ruby/Sapphire/Emerald,ORAS,Good rod or super rod in most water
321,Wailord,,3,Ruby/Sapphire/Emerald,ORAS,level 40
322,Numel,,3,Ruby/Sapphire/Emerald,ORAS,
322,Numel,Female,3,Ruby/Sapphire/Emerald,ORAS,
323,Camerupt,,3,Ruby/Sapphire/Emerald,ORAS,
323,Camerupt,Female,3,Ruby/Sapphire/Emerald,ORAS,
324,Torkoal,,3,Ruby/Sapphire/Emerald,ORAS,
325,Spoink,,3,Ruby/Sapphire/Emerald,ORAS,
326,Grumpig,,3,Ruby/Sapphire/Emerald,ORAS,
327,Spinda,,3,Ruby/Sapphire/Emerald,ORAS,
328,Trapinch,,3,Ruby/Sapphire/Emerald,ORAS,
329,Vibrava,,3,Ruby/Sapphire/Emerald,ORAS,evolves from trapinch
330,Flygon,,3,Ruby/Sapphire/Emerald,ORAS,evolves from vibrava
331,Cacnea,,3,Ruby/Sapphire/Emerald,ORAS,
332,Cacturne,,3,Ruby/Sapphire/Emerald,ORAS,
332,Cacturne,Female,3,Ruby/Sapphire/Emerald,ORAS,
333,Swablu,,3,Ruby/Sapphire/Emerald,ORAS,
334,Altaria,,3,Ruby/Sapphire/Emerald,ORAS,
335,Zangoose,,3,Ruby,Omega Ruby,
336,Seviper,,3,Sapphire/Emerald,Alpha Sapphire,
337,Lunatone,,3,Sapphire,Alpha Sapphire,
338,Solrock,,3,Ruby/Emerald,Omega Ruby,
339,Barboach,,3,Ruby/Sapphire/Emerald,ORAS,"Route 111, Route 114, Route 120, Meteor Falls, Scorched Slab and Victory Road by either fishing with the Good Rod or Super Rod."
340,Whiscash,,3,Ruby/Sapphire/Emerald,ORAS,
341,Corphish,,3,Ruby/Sapphire/Emerald,ORAS,"Route 102, Route 117, Route 123, and Petalburg City with good rod"
342,Crawdaunt,,3,Ruby/Sapphire/Emerald,ORAS,
343,Baltoy,,3,Ruby/Sapphire/Emerald,ORAS,
344,Claydol,,3,Ruby/Sapphire/Emerald,ORAS,
345,Lileep,,3,Ruby/Sapphire/Emerald,ORAS,
346,Cradily,,3,Ruby/Sapphire/Emerald,ORAS,
347,Anorith,,3,Ruby/Sapphire/Emerald,ORAS,
348,Armaldo,,3,Ruby/Sapphire/Emerald,ORAS,
349,Feebas,,3,Ruby/Sapphire/Emerald,ORAS,
350,Milotic,,3,Ruby/Sapphire/Emerald,ORAS,
350,Milotic,Female,3,Ruby/Sapphire/Emerald,ORAS,"Need to catch a female Feebas for this one
attach a Prism Scale, which in Generation VI is only available in X & Y, to Feebas and trade it, it will evolve into Milotic."
351,Castform,,3,Ruby/Sapphire/Emerald,ORAS,
352,Kecleon,,3,Ruby/Sapphire/Emerald,ORAS,
353,Shuppet,,3,Ruby/Sapphire/Emerald,ORAS,
354,Banette,,3,Ruby/Sapphire/Emerald,ORAS,
355,Duskull,x2 (dusknoir),3,Ruby/Sapphire/Emerald,ORAS,
356,Dusclops,,3,Ruby/Sapphire/Emerald,ORAS,Evolves from duskull
357,Tropius,,3,Ruby/Sapphire/Emerald,ORAS,
358,Chimecho,,3,Ruby/Sapphire/Emerald,ORAS,
359,Absol,,3,Ruby/Sapphire/Emerald,ORAS,"Route 120, Tall Grass"
360,Wynaut,,3,Ruby/Sapphire/Emerald,ORAS,
361,Snorunt,x2 (froslass),3,Ruby/Sapphire/Emerald,ORAS,"Shoal Cave, Cave - Low Tide (3am-9am, 3pm-9pm)"
362,Glalie,,3,Ruby/Sapphire/Emerald,ORAS,evolves from snorunt
363,Spheal,,3,Ruby/Sapphire/Emerald,ORAS,Shoal Cave	Cave
364,Sealeo,,3,Ruby/Sapphire/Emerald,ORAS,evolves from spheal
365,Walrein,,3,Ruby/Sapphire/Emerald,ORAS,evolves from sealeo
366,Clamperl,,3,Ruby/Sapphire/Emerald,ORAS,"Route 107	Seaweed	Diving	
Route 124	Seaweed	Diving	
Route 126	Seaweed	Diving	
Route 128	Seaweed	Diving	
Route 129	Seaweed	Diving	
Route 130	Seaweed	Diving"
367,Huntail,,3,Ruby/Sapphire/Emerald,ORAS,Trade clamperl w/ Deep Sea Tooth
368,Gorebyss,,3,Ruby/Sapphire/Emerald,ORAS,Trade clamperl w/ Deep Sea Scale
369,Relicanth,,3,Ruby/Sapphire/Emerald,ORAS,"Route 107	Seaweed	Diving
Route 124	Seaweed	Diving
Route 126	Seaweed	Diving
Route 128	Seaweed	Diving
Route 129	Seaweed	Diving
Route 130	Seaweed	Diving"
369,Relicanth,Female,3,Ruby/Sapphire/Emerald,ORAS,"Route 107	Seaweed	Diving
Route 124	Seaweed	Diving
Route 126	Seaweed	Diving
Route 128	Seaweed	Diving
Route 129	Seaweed	Diving
Route 130	Seaweed	Diving"
370,Luvdisc,,3,Ruby/Sapphire/Emerald,ORAS,"Route 128, Ever Grande City, Victory Road (Good Rod or Super Rod)"
371,Bagon,,3,Ruby/Sapphire/Emerald,ORAS,"Meteor Falls,        Basement - Small Room"
372,Shelgon,,3,Ruby/Sapphire/Emerald,ORAS,evolves from bagon
373,Salamence,,3,Ruby/Sapphire/Emerald,ORAS,evolves from shelgon
374,Beldum,,3,Ruby/Sapphire/Emerald,ORAS,Receive as a gift from Steven's house in Mossdeep City after becoming the Pokemon League Champion.
375,Metang,,3,Ruby/Sapphire/Emerald,ORAS,evolves from beldum
376,Metagross,,3,Ruby/Sapphire/Emerald,ORAS,evolves from metang
377,Regirock,,3,Ruby/Sapphire/Emerald,ORAS,
378,Regice,,3,Ruby/Sapphire/Emerald,ORAS,
379,Registeel,,3,Ruby/Sapphire/Emerald,ORAS,
380,Latias,,3,Ruby/Sapphire/Emerald,ORAS,
381,Latios,,3,Ruby/Sapphire/Emerald,ORAS,
382,Kyogre,,3,Sapphire/Emerald,Alpha Sapphire,
383,Groudon,,3,Ruby/Emerald,Omega Ruby,
384,Rayquaza,,3,Ruby/Sapphire/Emerald,ORAS,
385,Jirachi,,3,Ruby/Sapphire/Emerald,ORAS,"Gen the event via Powersaves, alt BDSP w/ SwSh Save Data"
386,Deoxys,,3,Ruby/Sapphire/Emerald,ORAS,
386,Deoxys,Attack Form,3,Ruby/Sapphire/Emerald,ORAS,
386,Deoxys,Defense Form,3,Ruby/Sapphire/Emerald,ORAS,
386,Deoxys,Speed Form,3,Ruby/Sapphire/Emerald,ORAS,
387,Turtwig,,4,Diamond/Pearl/Platinum,BDSP,
388,Grotle,,4,Diamond/Pearl/Platinum,BDSP,
389,Torterra,,4,Diamond/Pearl/Platinum,BDSP,
390,Chimchar,,4,Diamond/Pearl/Platinum,BDSP,
391,Monferno,,4,Diamond/Pearl/Platinum,BDSP,
392,Infernape,,4,Diamond/Pearl/Platinum,BDSP,
393,Piplup,,4,Diamond/Pearl/Platinum,BDSP,
394,Prinplup,,4,Diamond/Pearl/Platinum,BDSP,
395,Empoleon,,4,Diamond/Pearl/Platinum,BDSP,
396,Starly,,4,Diamond/Pearl/Platinum,BDSP,
396,Starly,Female,4,Diamond/Pearl/Platinum,BDSP,
397,Staravia,,4,Diamond/Pearl/Platinum,BDSP,14
397,Staravia,Female,4,Diamond/Pearl/Platinum,BDSP,
398,Staraptor,,4,Diamond/Pearl/Platinum,BDSP,34
398,Staraptor,Female,4,Diamond/Pearl/Platinum,BDSP,
399,Bidoof,,4,Diamond/Pearl/Platinum,BDSP,
399,Bidoof,Female,4,Diamond/Pearl/Platinum,BDSP,
400,Bibarel,,4,Diamond/Pearl/Platinum,BDSP,15
400,Bibarel,Female,4,Diamond/Pearl/Platinum,BDSP,
401,Kricketot,,4,Diamond/Pearl/Platinum,BDSP,
401,Kricketot,Female,4,Diamond/Pearl/Platinum,BDSP,
402,Kricketune,,4,Diamond/Pearl/Platinum,BDSP,10
402,Kricketune,Female,4,Diamond/Pearl/Platinum,BDSP,
403,Shinx,,4,Diamond/Pearl/Platinum,BDSP,
403,Shinx,Female,4,Diamond/Pearl/Platinum,BDSP,
404,Luxio,,4,Diamond/Pearl/Platinum,BDSP,15
404,Luxio,Female,4,Diamond/Pearl/Platinum,BDSP,
405,Luxray,,4,Diamond/Pearl/Platinum,BDSP,30
405,Luxray,Female,4,Diamond/Pearl/Platinum,BDSP,
406,Budew,,4,Diamond/Pearl/Platinum,BDSP,
407,Roserade,,3,Ruby/Sapphire,ORAS,Shiny stone
407,Roserade,Female,3,Ruby/Sapphire,ORAS,
408,Cranidos,,4,Diamond/Platinum,Brilliant Diamond,It is resurrected from a Skull Fossil 
409,Rampardos,,4,Diamond/Platinum,Brilliant Diamond,Evolves from Cranidos starting at level 30.
410,Shieldon,,4,Pearl/Platinum,Shining Pearl,revived from an Armor Fossil 
411,Bastiodon,,4,Pearl/Platinum,Shining Pearl,30
412,Burmy,Leaf Cloak,4,Diamond/Pearl/Platinum,BDSP,"Routes 205, 206, 207, 208, 209, 210, 211, 212, 213, 214, 215, 218, 221, 222, Eterna Forest, Floaroma Meadow, Fuego Ironworks, Valley Windworks (Honey Trees) (Plant Cloak)"
412,Burmy,Sand Cloak,4,Diamond/Pearl/Platinum,BDSP,"Routes 205, 206, 207, 208, 209, 210, 211, 212, 213, 214, 215, 218, 221, 222, Eterna Forest, Floaroma Meadow, Fuego Ironworks, Valley Windworks (Honey Trees) (Plant Cloak)"
412,Burmy,Trash Cloak,4,Diamond/Pearl/Platinum,BDSP,"Routes 205, 206, 207, 208, 209, 210, 211, 212, 213, 214, 215, 218, 221, 222, Eterna Forest, Floaroma Meadow, Fuego Ironworks, Valley Windworks (Honey Trees) (Plant Cloak)"
413,Wormadam,Leaf Cloak,4,Diamond/Pearl/Platinum,BDSP,"Female Burmy, level 20"
413,Wormadam,Sand Cloak,4,Diamond/Pearl/Platinum,BDSP,"Female Burmy, level 20"
413,Wormadam,Trash Cloak,4,Diamond/Pearl/Platinum,BDSP,"Female Burmy, level 20"
414,Mothim,,4,Diamond/Pearl/Platinum,BDSP,"Male Burmy, level 20"
415,Combee,,4,Diamond/Pearl/Platinum,BDSP,"Routes 205, 206, 207, 208, 209, 210, 211, 212, 213, 214, 215, 218, 221, 222, Eterna Forest, Floaroma Meadow, Fuego Ironworks, Valley Windworks (Honey Trees)
Grand Underground - Grassland Cave, Sunlit Cavern"
415,Combee,Female,4,Diamond/Pearl/Platinum,BDSP,"Routes 205, 206, 207, 208, 209, 210, 211, 212, 213, 214, 215, 218, 221, 222, Eterna Forest, Floaroma Meadow, Fuego Ironworks, Valley Windworks (Honey Trees)
Grand Underground - Grassland Cave, Sunlit Cavern"
416,Vespiquen,,4,Diamond/Pearl/Platinum,BDSP,"Female Combee, level 21"
417,Pachirisu,,4,Diamond/Pearl/Platinum,BDSP,
417,Pachirisu,Female,4,Diamond/Pearl/Platinum,BDSP,
418,Buizel,,4,Diamond/Pearl/Platinum,BDSP,
418,Buizel,Female,4,Diamond/Pearl/Platinum,BDSP,
419,Floatzel,,4,Diamond/Pearl/Platinum,BDSP,26
419,Floatzel,Female,4,Diamond/Pearl/Platinum,BDSP,
420,Cherubi,,4,Diamond/Pearl/Platinum,BDSP,"Routes 205, 206, 207, 208, 209, 210, 211, 212, 213, 214, 215, 218, 221, 222, Eterna Forest, Floaroma Meadow, Fuego Ironworks, Valley Windworks (Honey Trees)
Grand Underground - Grassland Cave, Sunlit Cavern"
421,Cherrim,,4,Diamond/Pearl/Platinum,BDSP,25
422,Shellos,East Sea,4,Diamond/Pearl/Platinum,BDSP,Routes 213 and 224 (tall grass) (East Sea)
422,Shellos,West Sea,4,Diamond/Pearl/Platinum,BDSP,
423,Gastrodon,East Sea,4,Diamond/Pearl/Platinum,BDSP,30
423,Gastrodon,West Sea,4,Diamond/Pearl/Platinum,BDSP,30
424,Ambipom,,2,Gold/Silver/Crystal,HGSS,Evolves when leveled up while knowing Double Hit.
424,Ambipom,Female,2,Gold/Silver/Crystal,HGSS,
425,Drifloon,,4,Diamond/Pearl/Platinum,BDSP,Fridays at Valley Windworks (after defeating Team Galactic there)
426,Drifblim,,4,Diamond/Pearl/Platinum,BDSP,28
427,Buneary,,4,Diamond/Pearl/Platinum,BDSP,
428,Lopunny,,4,Diamond/Pearl/Platinum,BDSP,evolves from Buneary when leveled up with high friendship.
429,Mismagius,,2,Gold/Silver/Crystal,HGSS,Evolves when exposed to a Dusk Stone.
430,Honchkrow,,2,Gold/Silver/Crystal,HGSS,Evolves when exposed to a Dusk Stone.
431,Glameow,,4,Pearl,Shining Pearl,"Routes 218 and 222
Grand Underground - Grassland Cave, Spacious Cave, Riverbank Cave, Sunlit Cavern, Still-Water Cavern (After defeating Candice)"
432,Purugly,,4,Pearl,Shining Pearl,38
433,Chingling,,4,Diamond/Pearl/Platinum,BDSP,
434,Stunky,,4,Diamond,Brilliant Diamond,"Routes 206, 214, and 221
Grand Underground - Grassland Cave, Spacious Cave, Riverbank Cave, Sunlit Cavern, Still-Water Cavern (After obtaining TM96 (Strength))"
435,Skuntank,,4,Diamond,Brilliant Diamond,Evolves from Stunky starting at level 34.
436,Bronzor,,4,Diamond/Pearl/Platinum,BDSP,"Route 206, Wayward Cave, Turnback Cave, Mt. Coronet
Grand Underground - Rocky Cave, Icy Cave, Dazzling Cave, Stargleam Cavern, Big Bluff Cavern, Glacial Cavern (After obtaining TM96 (Strength))"
437,Bronzong,,4,Diamond/Pearl/Platinum,BDSP,
438,Bonsly,,4,Diamond/Pearl/Platinum,BDSP,
439,Mime Jr.,,4,Diamond/Pearl/Platinum,BDSP,Trophy Garden
440,Happiny,,4,Diamond/Pearl/Platinum,BDSP,"Hatch Egg received from a Hiker in Hearthome City
Trophy Garden"
441,Chatot,,4,Diamond/Pearl/Platinum,BDSP,"(Morning/Day) Routes 222 and 224 
Trade Buizel at Eterna Condominiums"
442,Spiritomb,,4,Diamond/Pearl/Platinum,BDSP,Hallowed Tower on Route 209
443,Gible,,4,Diamond/Pearl/Platinum,BDSP,"Wayward Cave
Grand Underground - Riverbank Cave, Fountainspring Cave, Still-Water Cavern (After defeating Candice)"
443,Gible,Female,4,Diamond/Pearl/Platinum,BDSP,"Wayward Cave
Grand Underground - Riverbank Cave, Fountainspring Cave, Still-Water Cavern (After defeating Candice)"
444,Gabite,,4,Diamond/Pearl/Platinum,BDSP,24
444,Gabite,Female,4,Diamond/Pearl/Platinum,BDSP,24
445,Garchomp,,4,Diamond/Pearl/Platinum,BDSP,48
445,Garchomp,Female,4,Diamond/Pearl/Platinum,BDSP,48
446,Munchlax,,4,Diamond/Pearl/Platinum,BDSP,"Routes 205, 206, 207, 208, 209, 210, 211, 212, 213, 214, 215, 218, 221, 222, Eterna Forest, Floaroma Meadow, Fuego Ironworks, Valley Windworks (Honey Trees)
Grand Underground - Grassland Cave, Spacious Cave, Whiteout Cave, Riverbank Cave, Still-Water Cavern, Sunlit Cavern (After obtaining TM97 (Defog))"
447,Riolu,,4,Diamond/Pearl/Platinum,BDSP,Hatch Egg received from Riley in Iron Island
448,Lucario,,4,Diamond/Pearl/Platinum,BDSP,evolves from Riolu when leveled up with high friendship during the day.
449,Hippopotas,,4,Diamond/Pearl/Platinum,BDSP,"Maniac Tunnel
Grand Underground - Rocky Cave, Big Bluff Cavern, Sandsear Cave (After obtaining Defog)"
449,Hippopotas,Female,4,Diamond/Pearl/Platinum,BDSP,"Maniac Tunnel
Grand Underground - Rocky Cave, Big Bluff Cavern, Sandsear Cave (After obtaining Defog)"
450,Hippowdon,,4,Diamond/Pearl/Platinum,BDSP,34
450,Hippowdon,Female,4,Diamond/Pearl/Platinum,BDSP,34
451,Skorupi,,4,Diamond/Pearl/Platinum,BDSP,"Great Marsh
Grand Underground - Volcanic Cave, Rocky Cave, Swampy Cave, Sandsear Cave, Typhlo Cavern, Big Bluff Cavern, Bogsunk Cavern"
452,Drapion,,4,Diamond/Pearl/Platinum,BDSP,40
453,Croagunk,,4,Diamond/Pearl/Platinum,BDSP,"Great Marsh
Grand Underground - Swampy Cave, Riverbank Cave, Still-Water Cavern, Bogsunk Cavern"
453,Croagunk,Female,4,Diamond/Pearl/Platinum,BDSP,"Great Marsh
Grand Underground - Swampy Cave, Riverbank Cave, Still-Water Cavern, Bogsunk Cavern"
454,Toxicroak,,4,Diamond/Pearl/Platinum,BDSP,37
454,Toxicroak,Female,4,Diamond/Pearl/Platinum,BDSP,37
455,Carnivine,,4,Diamond/Pearl/Platinum,BDSP,Great Marsh
456,Finneon,,4,Diamond/Pearl/Platinum,BDSP,"Routes 205, 218, 219, 220, and 221, Fuego Ironworks, Iron Island, Canalave City, Valley Windworks (Good Rod)"
456,Finneon,Female,4,Diamond/Pearl/Platinum,BDSP,"Routes 205, 218, 219, 220, and 221, Fuego Ironworks, Iron Island, Canalave City, Valley Windworks (Good Rod)"
457,Lumineon,,4,Diamond/Pearl/Platinum,BDSP,31
457,Lumineon,Female,4,Diamond/Pearl/Platinum,BDSP,31
458,Mantyke,,4,Diamond/Pearl/Platinum,BDSP,
459,Snover,,4,Diamond/Pearl/Platinum,BDSP,
459,Snover,Female,4,Diamond/Pearl/Platinum,BDSP,
460,Abomasnow,,4,Diamond/Pearl/Platinum,BDSP,evolves from Snover starting at level 40.
460,Abomasnow,Female,4,Diamond/Pearl/Platinum,BDSP,evolves from Snover starting at level 40.
461,Weavile,,2,Gold/Silver/Crystal,HGSS,evolves from Sneasel when leveled up while holding a Razor Claw during the night.
461,Weavile,Female,2,Gold/Silver/Crystal,HGSS,
462,Magnezone,,1,Red/Blue/Yellow,LG: Pikachu/Eevee,evolves from Magneton when leveled up in a special magnetic field or when exposed to a Thunder Stone. 
463,Lickilicky,,1,Red/Blue/Yellow,LG: Pikachu/Eevee,evolves from Lickitung when leveled up while knowing Rollout.
464,Rhyperior,,1,Red/Blue/Yellow,LG: Pikachu/Eevee,evolves from Rhydon when traded while holding a Protector.
464,Rhyperior,Female,1,Red/Blue/Yellow,LG: Pikachu/Eevee,
465,Tangrowth,,1,Red/Blue/Yellow,LG: Pikachu/Eevee,evolves from Tangela when leveled up while knowing Ancient Power.
465,Tangrowth,Female,1,Red/Blue/Yellow,LG: Pikachu/Eevee,
466,Electivire,,1,Red,LG: Pikachu/Eevee,evolves from Electabuzz when traded while holding an Electirizer.
467,Magmortar,,1,Blue,LG: Pikachu/Eevee,evolves from Magmar when traded while holding a Magmarizer.
468,Togekiss,,2,Gold/Silver/Crystal,HGSS,evolves from Togetic when exposed to a Shiny Stone
469,Yanmega,,2,Gold/Silver/Crystal,HGSS,evolves from Yanma when leveled up while knowing Ancient Power.
470,Leafeon,,1,Red/Blue/Yellow,LG: Pikachu/Eevee,evolves from Eevee when leveled up near a Moss Rock or when exposed to a Leaf Stone.
471,Glaceon,,1,Red/Blue/Yellow,LG: Pikachu/Eevee,evolves from Eevee when leveled up near an Ice Rock or when exposed to an Ice Stone.
472,Gliscor,,2,Gold/Crystal,HG,evolves from Gligar when leveled up while holding a Razor Fang during the night.
473,Mamoswine,,2,Gold/Silver/Crystal,HGSS,evolves from Piloswine when leveled up while knowing Ancient Power.
473,Mamoswine,Female,2,Gold/Silver/Crystal,HGSS,
474,Porygon-Z,,1,Red/Blue/Yellow,LG: Pikachu/Eevee,
475,Gallade,,3,Ruby/Sapphire/Emerald,ORAS,evolves from a male Kirlia when exposed to a Dawn Stone.
476,Probopass,,3,Ruby/Sapphire/Emerald,ORAS,evolves from Nosepass when leveled up in a special magnetic field or when exposed to a Thunder Stone.
477,Dusknoir,,3,Ruby/Sapphire/Emerald,ORAS,evolves from Dusclops when traded while holding a Reaper Cloth. 
478,Froslass,,3,Ruby/Sapphire/Emerald,ORAS,evolves from a female Snorunt when exposed to a Dawn Stone
479,Rotom,Lightbulb,4,Diamond/Pearl/Platinum,BDSP,Night - TV in Old Chateau (Only one) (After obtaining the National Pokédex)
479,Rotom,Oven,4,Diamond/Pearl/Platinum,BDSP,Night - TV in Old Chateau (Only one) (After obtaining the National Pokédex)
479,Rotom,Washer,4,Diamond/Pearl/Platinum,BDSP,Night - TV in Old Chateau (Only one) (After obtaining the National Pokédex)
479,Rotom,Fridge,4,Diamond/Pearl/Platinum,BDSP,Night - TV in Old Chateau (Only one) (After obtaining the National Pokédex)
479,Rotom,Fan,4,Diamond/Pearl/Platinum,BDSP,Night - TV in Old Chateau (Only one) (After obtaining the National Pokédex)
479,Rotom,Mower,4,Diamond/Pearl/Platinum,BDSP,Night - TV in Old Chateau (Only one) (After obtaining the National Pokédex)
480,Uxie,,4,Diamond/Pearl/Platinum,BDSP,Acuity Cavern (Only one)
481,Mesprit,,4,Diamond/Pearl/Platinum,BDSP,Roaming Sinnoh (Only one)
482,Azelf,,4,Diamond/Pearl/Platinum,BDSP,Valor Cavern (Only one)
483,Dialga,,4,Diamond/Platinum,Brilliant Diamond,Spear Pillar (Only one)
484,Palkia,,4,Pearl/Platinum,Shining Pearl,
485,Heatran,,4,Diamond/Pearl/Platinum,BDSP,Stark Mountain (Only one)
486,Regigigas,,4,Diamond/Pearl/Platinum,BDSP,"Snowpoint Temple (requires Regirock, Regice, and Registeel in the player's party) (Only one)"
487,Giratina,,4,Diamond/Pearl/Platinum,BDSP,Turnback Cave (Only one) (Altered Forme)
488,Cresselia,,4,Diamond/Pearl/Platinum,BDSP,Roaming Sinnoh (Only one)
489,Phione,,4,Diamond/Pearl/Platinum,Arceus,
490,Manaphy,,4,Diamond/Pearl/Platinum,Arceus,
491,Darkrai,,4,Diamond/Pearl/Platinum,Arceus,
492,Shaymin,Normal Form,4,Diamond/Pearl/Platinum,Arceus,
492,Shaymin,Sky Form,4,Diamond/Pearl/Platinum,Arceus,"Needs to have its form changed in PLA to be able to keep it in Home, which requires having a completed Sword or Shield save file"
493,Arceus,,4,Diamond/Pearl/Platinum,BDSP,Hall of Origin (Only one*)Version 1.3.0+
494,Victini,,5,Black/White,,DNS Exploit
495,Snivy,,5,Black/White,Black 2/White 2,
496,Servine,,5,Black/White,Black 2/White 2,
497,Serperior,,5,Black/White,Black 2/White 2,
498,Tepig,,5,Black/White,Black 2/White 2,
499,Pignite,,5,Black/White,Black 2/White 2,Evolves from Tepig at level 17
500,Emboar,,5,Black/White,Black 2/White 2,Evolves from Pignite at level 36
501,Oshawott,x2 (hisui),5,Black/White,Black 2/White 2,
502,Dewott,,5,Black/White,Black 2/White 2,
503,Samurott,,5,Black/White,Black 2/White 2,
503,Samurott,Hisuian,5,Black/White,Black 2/White 2,
504,Patrat,,5,Black/White,Black 2/White 2,
505,Watchog,,5,Black/White,Black 2/White 2,Evolves from Patrat at level 20
506,Lillipup,,5,Black/White,Black 2/White 2,
507,Herdier,,5,Black/White,Black 2/White 2,Evolves from Herdier at level 16
508,Stoutland,,5,Black/White,Black 2/White 2,Evolves from Stoutland at level 32
509,Purrloin,,5,Black/White,Black 2/White 2,"Routes 2 and 3, Dreamyard"
510,Liepard,,5,Black/White,Black 2/White 2,Evolves from Purrloin at level 20
511,Pansage,,5,Black/White,Black 2/White 2,
512,Simisage,,5,Black/White,Black 2/White 2,Evolves from Pansage with a leaf stone
513,Pansear,,5,Black/White,Black 2/White 2,Pinwheel Forest (inner) and Lostlorn Forest (rustling grass)
514,Simisear,,5,Black/White,Black 2/White 2,Evolves from Pansear with a fire stone
515,Panpour,,5,Black/White,Black 2/White 2,Pinwheel Forest (inner) and Lostlorn Forest (rustling grass)
516,Simipour,,5,Black/White,Black 2/White 2,Evolves from Panpour with a water stone
517,Munna,,5,Black/White,Black 2/White 2,Dreamyard
518,Musharna,,5,Black/White,Black 2/White 2,Evolves from Munna with a moon stone
519,Pidove,,5,Black/White,Black 2/White 2,"Route 3, Pinwheel Forest (inner)"
520,Tranquill,,5,Black/White,Black 2/White 2,Evolves from Pidove at level 21
521,Unfezant,,5,Black/White,Black 2/White 2,Evolves from Tranquill at level 32
521,Unfezant,Female,5,Black/White,Black 2/White 2,Evolves from Tranquill at level 32
522,Blitzle,,5,Black/White,Black 2/White 2,Route 3
523,Zebstrika,,5,Black/White,Black 2/White 2,Evolves from Blitzle at level 27
524,Roggenrola,,5,Black/White,Black 2/White 2,Wellspring Cave
525,Boldore,,5,Black/White,Black 2/White 2,Evolves from Roggenrola at level 25
526,Gigalith,,5,Black/White,Black 2/White 2,Evolves from Boldore when traded
527,Woobat,,5,Black/White,Black 2/White 2,"Wellspring Cave, Mistralton Cave, Twist Mountain, Challenger's Cave, Victory Road"
528,Swoobat,,5,Black/White,Black 2/White 2,Evolves from Woobat with high friendship
529,Drilbur,,5,Black/White,Black 2/White 2,"Wellspring Cave, Chargestone Cave, Mistralton Cave, Twist Mountain (Dust cloud)"
530,Excadrill,,5,Black/White,Black 2/White 2,Evolves from Drilbur at level 31
531,Audino,,5,Black/White,Black 2/White 2,"Routes 1, 2, 3, 5, 6, 7, 9, 10, 11, 12, 13, 14, 15, 16, and 18, P2 Laboratory, Dreamyard, Pinwheel Forest, Lostlorn Forest, Dragonspiral Tower, Village Bridge, Giant Chasm, Abundant Shrine, Cold Storage (rustling grass)"
532,Timburr,,5,Black/White,Black 2/White 2,"Pinwheel Forest (outside), Cold Storage"
533,Gurdurr,,5,Black/White,Black 2/White 2,Evolves from Timburr at level 25
534,Conkeldurr,,5,Black/White,Black 2/White 2,Evolves from Gurdurr when traded
535,Tympole,,5,Black/White,Black 2/White 2,Pinwheel Forest (outside)
536,Palpitoad,,5,Black/White,Black 2/White 2,Evolves from Tympole at level 25
537,Seismitoad,,5,Black/White,Black 2/White 2,Evolves from Papitoad at level 36
538,Throh,,5,White,Black 2/White 2,"Routes 10, 15, and 18, Pinwheel Forest (outside) (rustling grass)"
539,Sawk,,5,Black,Black 2/White 2,"Routes 10, 15, and 18, Pinwheel Forest (outside) (tall grass)"
540,Sewaddle,,5,Black/White,Black 2/White 2,Pinwheel Forest (inner)
541,Swadloon,,5,Black/White,Black 2/White 2,Evolves from Sewaddle at level 20
542,Leavanny,,5,Black/White,Black 2/White 2,Evolves from Swadloon with high friendship
543,Venipede,,5,Black/White,Black 2/White 2,"Pinwheel Forest (inner), Lostlorn Forest"
544,Whirlipede,,5,Black/White,Black 2/White 2,Evolves from Venipede at level 22
545,Scolipede,,5,Black/White,Black 2/White 2,Evolves from Whirlipede at level 30
546,Cottonee,,5,Black,Black 2,"Pinwheel Forest (inner), Lostlorn Forest, Abundant Shrine"
547,Whimsicott,,5,Black,Black 2,Evolves from cottonee with a sun stone
548,Petilil,x2 (hisui),5,White,White 2,"Pinwheel Forest (inner), Lostlorn Forest, Abundant Shrine"
549,Lilligant,,5,White,White 2,Evolves from Petilil with a sun stone
549,Lilligant,Hisuian,5,White,White 2,"In Hisui, Petilil evolves into Hisuian Lilligant when exposed to a Sun Stone."
550,Basculin,Red-striped,5,Black/White,Black 2/White 2,"Routes 1, 3, 6, 11, 14, Striaton City, Wellspring Cave, Pinwheel Forest, Dragonspiral Tower, Challenger's Cave, Victory Road, Village Bridge, Giant Chasm, Abundant Shrine, Lostlorn Forest (Surfing or fishing) (Red-Striped Form) (Rippling water) (Blue-Striped Form)"
550,Basculin,Blue-striped,5,Black/White,Black 2/White 2,"Routes 1, 3, 6, 11, 14, Striaton City, Wellspring Cave, Pinwheel Forest, Dragonspiral Tower, Challenger's Cave, Victory Road, Village Bridge, Giant Chasm, Abundant Shrine, Lostlorn Forest (Surfing or fishing) (Red-Striped Form) (Rippling water) (Blue-Striped Form)"
550,Basculin,White-striped,8.5,Arceus,,"Cobalt Coastlands: Tranquility Cove, near Islespy Shore, near Firespit Island, massive mass outbreaks (White-Striped Form)
Coronet Highlands: Fabled Spring (White-Striped Form)
Alabaster Icelands: near Avalugg's Legacy, Heart's Crag, Lake Acuity, near Pearl Settlement (White-Striped Form)"
551,Sandile,,5,Black/White,Black 2/White 2,"Route 4, Desert Resort, Relic Castle"
552,Krokorok,,5,Black/White,Black 2/White 2,Evolves from Sandile at level 29
553,Krookodile,,5,Black/White,Black 2/White 2,Evolves from Krokorok at level 40
554,Darumaka,,5,Black/White,Black 2/White 2,"Route 4, Desert Resort"
554,Darumaka,Galarian,8,Sword,,"Routes 8 and 10 (Galarian Form)
Dusty Bowl, Giant's Cap, Hammerlocke Hills, Lake of Outrage, Stony Wilderness (Max Raid Battle) (Galarian Form)"
555,Darmanitan,,5,Black/White,Black 2/White 2,Evolves from Darumaka at level 35
555,Darmanitan,Galarian,8,Sword,,Evolves from Darumake when exposed to an Ice Stone.
556,Maractus,,5,Black/White,Black 2/White 2,Desert Resort
557,Dwebble,,5,Black/White,Black 2/White 2,Route 18 and Desert Resort
558,Crustle,,5,Black/White,Black 2/White 2,Evolves from Dwebble at level 34
559,Scraggy,,5,Black/White,Black 2/White 2,"Routes 4 and 18, Desert Resort, P2 Laboratory
Route 1 (dark grass)"
560,Scrafty,,5,Black/White,Black 2/White 2,Evolves from Scraggy at level 39
561,Sigilyph,,5,Black/White,Black 2/White 2,Desert Resort
562,Yamask,,5,Black/White,Black 2/White 2,Relic Castle
562,Yamask,Galarian,8,Sword/Shield,,"Route 6 (Galarian Form)
Bridge Field, Dusty Bowl, Giant's Mirror, Rolling Fields, South Lake Miloch, Stony WildernessSh, Watchtower Ruins (Max Raid Battle) (Galarian Form)"
563,Cofagrigus,,5,Black/White,Black 2/White 2,Evolves from Yamask at level 34
564,Tirtouga,,5,Black/White,Black 2/White 2,Resurrected from a Cover Fossil
565,Carracosta,,5,Black/White,Black 2/White 2,Evolves from Tirtouga at level 37
566,Archen,,5,Black/White,Black 2/White 2,Resurrected from a Plume Fossil
567,Archeops,,5,Black/White,Black 2/White 2,Evolves from Archen at level 37
568,Trubbish,,5,Black/White,Black 2/White 2,Routes 5 and 16
569,Garbodor,,5,Black/White,Black 2/White 2,Evolves from Trubbish at level 36
570,Zorua,,5,Black/White,Black 2/White 2,"Castelia City (requires fateful encounter Celebi)
Breed Zoroark (requires Shiny fateful encounter Entei, Raikou, or Suicune)"
570,Zorua,Hisuian,8.5,Arceus,,"Alabaster Icelands: near Avalugg's Legacy (mass outbreaks), near Glacier Terrace, Icepeak Cavern, massive mass outbreaks (Hisuian Form)"
571,Zoroark,,5,Black/White,Black 2/White 2,Evolves from Zorua at level 30
571,Zoroark,Hisuian,8.5,Arceus,,Evolves from Zorua at level 30
572,Minccino,,5,Black/White,Black 2/White 2,
573,Cinccino,,5,Black/White,Black 2/White 2,Evolves from Minccino with a shiny stone
574,Gothita,,5,Black,Black 2,Routes 5 and 16
575,Gothorita,,5,Black,Black 2,Evolves from Gothita at level 32
576,Gothitelle,,5,Black,Black 2,Evolves from Gothorita at level 41
577,Solosis,,5,White,White 2,Route 5 and Route 16
578,Duosion,,5,White,White 2,Evolves from Solosis at level 32
579,Reuniclus,,5,White,White 2,Evolves from Reuniclus at level 41
580,Ducklett,,5,Black/White,Black 2/White 2,Driftveil Drawbridge (Shadow)
581,Swanna,,5,Black/White,Black 2/White 2,Evolves from Ducklett at level 35
582,Vanillite,,5,Black/White,Black 2/White 2,"Cold Storage
Route 6, Dragonspiral Tower (Winter)"
583,Vanillish,,5,Black/White,Black 2/White 2,Evolves from Vanillite at level 35
584,Vanilluxe,,5,Black/White,Black 2/White 2,Evolves from Vanillish at level 47
585,Deerling,Spring,5,Black/White,Black 2/White 2,
585,Deerling,Summer,5,Black/White,Black 2/White 2,
585,Deerling,Autumn,5,Black/White,Black 2/White 2,
585,Deerling,Winter,5,Black/White,Black 2/White 2,
586,Sawsbuck,Spring,5,Black/White,Black 2/White 2,Evolves from Deerling at level 34
586,Sawsbuck,Summer,5,Black/White,Black 2/White 2,
586,Sawsbuck,Autumn,5,Black/White,Black 2/White 2,
586,Sawsbuck,Winter,5,Black/White,Black 2/White 2,
587,Emolga,,5,Black/White,Black 2/White 2,"Routes 5, 6, 7, 9, 10, 11, 12, 13, 14, 15, and 16, Dragonspiral Tower, Village Bridge, Giant Chasm, Abundant Shrine, Lostlorn Forest (rustling grass)"
588,Karrablast,,5,Black/White,Black 2/White 2,Routes 6 and 11
589,Escavalier,,5,Black/White,Black 2/White 2,"Evolves from Karrablast when traded for a Shelmet, a Pokémon that evolves into Accelgor simultaneously. Neither evolves if at least one holds an Everstone during the trade."
590,Foongus,,5,Black/White,Black 2/White 2,"Routes 6, 7, and 10 (both in tall grass and as fake items)"
591,Amoonguss,,5,Black/White,Black 2/White 2,Evolves from Foongus at level 39
592,Frillish,,5,Black/White,Black 2/White 2,"Routes 4, 17, and 18, Driftveil City, P2 Laboratory (Surfing)"
592,Frillish,Female,5,Black/White,Black 2/White 2,"Routes 4, 17, and 18, Driftveil City, P2 Laboratory (Surfing)"
593,Jellicent,,5,Black/White,Black 2/White 2,Evolves from Frillish at level 40
593,Jellicent,Female,5,Black/White,Black 2/White 2,Evolves from Frillish at level 40
594,Alomomola,,5,Black/White,Black 2/White 2,"Routes 4, 17, 18, Driftveil City, P2 Laboratory (Surfing in rippling water)"
595,Joltik,,5,Black/White,Black 2/White 2,Chargestone Cave
596,Galvantula,,5,Black/White,Black 2/White 2,Evolves from Joltik at level 36
597,Ferroseed,,5,Black/White,Black 2/White 2,Chargestone Cave
598,Ferrothorn,,5,Black/White,Black 2/White 2,Evolves from Ferroseed at level 40
599,Klink,,5,Black/White,Black 2/White 2,"Chargestone Cave, P2 Laboratory"
600,Klang,,5,Black/White,Black 2/White 2,Evolves from Klink at level 38
601,Klinklang,,5,Black/White,Black 2/White 2,Evolves from Klang at level 49
602,Tynamo,,5,Black/White,Black 2/White 2,Chargestone Cave
603,Eelektrik,,5,Black/White,Black 2/White 2,Evolves from Tynamo at level 39
604,Eelektross,,5,Black/White,Black 2/White 2,Evolves from Eelektrik with a thunder stone
605,Elgyem,,5,Black/White,Black 2/White 2,Celestial Tower
606,Beheeyem,,5,Black/White,Black 2/White 2,Evolves from Elgyem at level 42
607,Litwick,,5,Black/White,Black 2/White 2,Celestial Tower
608,Lampent,,5,Black/White,Black 2/White 2,Evolves from Litwick at level 41
609,Chandelure,,5,Black/White,Black 2/White 2,Evolves from Lampent with a dusk stone
610,Axew,,5,Black/White,Black 2/White 2,Mistralton Cave
611,Fraxure,,5,Black/White,Black 2/White 2,Evolves from Axew at level 38
612,Haxorus,,5,Black/White,Black 2/White 2,Evolves from Fraxure at level 48
613,Cubchoo,,5,Black/White,Black 2/White 2,"Twist Mountain
Route 7, Dragonspiral Tower (Winter)"
614,Beartic,,5,Black/White,Black 2/White 2,Evolves from Cubchoo at level 37
615,Cryogonal,,5,Black/White,Black 2/White 2,Twist Mountain
616,Shelmet,,5,Black/White,Black 2/White 2,"Route 8, Icirrus City, Moor of Icirrus (Spring/Summer/Autumn)"
617,Accelgor,,5,Black/White,Black 2/White 2,"Evolves from Shelmet when traded for a Karrablast, a Pokémon that evolves into Escavalier simultaneously. Neither evolves if at least one holds an Everstone during the trade."
618,Stunfisk,,5,Black/White,Black 2/White 2,"Route 8, Icirrus City, Moor of Icirrus (puddles Spring/Summer/Autumn; fishing and surfing)"
618,Stunfisk,Galarian,8,Sword/Shield,,"Slumbering Weald, Galar Mine No. 2, Dusty Bowl, Lake of Outrage (Galarian Form)
Rolling Fields, Giant's Seat, Stony Wilderness, Dusty Bowl (Max Raid Battle) (Galarian Form)"
619,Mienfoo,,5,Black/White,Black 2/White 2,"Dragonspiral Tower, Victory Road, Route 14 (regular grass only)"
620,Mienshao,,5,Black/White,Black 2/White 2,Evolves from Mienfoo at level 50
621,Druddigon,,5,Black/White,Black 2/White 2,Dragonspiral Tower
622,Golett,,5,Black/White,Black 2/White 2,Dragonspiral Tower
623,Golurk,,5,Black/White,Black 2/White 2,Evolves from Golett at level 43
624,Pawniard,,5,Black/White,Black 2/White 2,Routes 9 and 11
625,Bisharp,x2,5,Black/White,Black 2/White 2,Evolves from Pawniard at level 52
626,Bouffalant,,5,Black/White,Black 2/White 2,Route 10
627,Rufflet,x2,5,White,White 2,"Routes 10 and 11, Victory Road, Village Bridge"
628,Braviary,,5,White,White 2,Evolves from Rufflet at level 54
628,Braviary,Hisuian,5,White,White 2,Evolves from Rufflet at level 54
629,Vullaby,,5,Black,Black 2,"Routes 10 and 11, Victory Road, Village Bridge"
630,Mandibuzz,,5,Black,Black 2,Evolves from Vullaby at level 54
631,Heatmor,,5,Black/White,Black 2/White 2,Victory Road
632,Durant,,5,Black/White,Black 2/White 2,Victory Road
633,Deino,,5,Black/White,Black 2/White 2,Victory Road
634,Zweilous,,5,Black/White,Black 2/White 2,Evolves from Deino at level 50
635,Hydreigon,,5,Black/White,Black 2/White 2,Evolves from Zweilous at level 64
636,Larvesta,,5,Black/White,Black 2/White 2,Hatch Egg received from a Pokémon Ranger inside a building on Route 18
637,Volcarona,,5,Black/White,Black 2/White 2,Evolves from Larvesta at level 59
638,Cobalion,,5,Black/White,Black 2/White 2,Mistralton Cave (Guidance Chamber) (Only one)
639,Terrakion,,5,Black/White,Black 2/White 2,Victory Road (Trial Chamber) (Only one)
640,Virizion,,5,Black/White,Black 2/White 2,Pinwheel Forest (Rumination Field) (Only one)
641,Tornadus,Incarnate Form,5,Black,Black 2/White 2 Dream Radar,https://bulbapedia.bulbagarden.net/wiki/Roaming_Pok%C3%A9mon#Generation_V_2
641,Tornadus,Therian Form,5,Black 2/White 2 Dream Radar,Black 2/White 2 Dream Radar,Only available via pokemon dream radar
642,Thundurus,Incarnate Form,5,White,Black 2/White 2 Dream Radar,https://bulbapedia.bulbagarden.net/wiki/Roaming_Pok%C3%A9mon#Generation_V_2
642,Thundurus,Therian Form,5,Black 2/White 2 Dream Radar,Black 2/White 2 Dream Radar,Only available via pokemon dream radar
643,Reshiram,,5,Black,White 2,N's Castle (Only one)
644,Zekrom,,5,White,Black 2,N's Castle (Only one)
645,Landorus,Incarnate Form,5,Black/White,Black 2/White 2 Dream Radar,Abundant Shrine (requires Tornadus and Thundurus in party) (Only one) (Incarnate Forme)
645,Landorus,Therian Form,5,Black 2/White 2 Dream Radar,Black 2/White 2 Dream Radar,Only available via pokemon dream radar
646,Kyurem,,5,Black/White,Black 2/White 2,Giant Chasm (Only one)
647,Keldeo,,5,Black/White,Black 2/White 2,DNS Exploit (https://pkmnclassic.net/)
647,Keldeo,Resolute Form,5,Black 2/White 2,,DNS Exploit
648,Meloetta,,5,Black/White,Black 2/White 2,DNS Exploit
649,Genesect,,5,Black 2/White 2,,DNS Exploit
650,Chespin,,6,X/Y,,
651,Quilladin,,6,X/Y,,
652,Chesnaught,,6,X/Y,,
653,Fennekin,,6,X/Y,,
654,Braixen,,6,X/Y,,
655,Delphox,,6,X/Y,,
656,Froakie,,6,X/Y,,
657,Frogadier,,6,X/Y,,
658,Greninja,,6,X/Y,,
658,Greninja,Battle Bond Ability,7,Moon Demo,,
659,Bunnelby,,6,X/Y,,"Route 2 - Grass
Route 3 - Grass
Route 5 - Grass
Route 5 - Purple Flowers
Route 22 - Grass"
660,Diggersby,,6,X/Y,,"Route 22 - Yellow Flowers
Friend Safari"
661,Fletchling,,6,X/Y,,"Route 2 - Grass
Route 3 - Grass
Santalune Forest - Grass"
662,Fletchinder,,6,X/Y,,
663,Talonflame,,6,X/Y,,
664,Scatterbug,,6,X/Y,,"Route 2 - Grass
Santalune Forest - Grass"
665,Spewpa,,6,X/Y,,
666,Vivillon,Icy Snow (Canada-Northwest Territories),6,X/Y,,Link to full list of Vivillon regions for XY/USUM (Friend Safari)
666,Vivillon,Polar (Canada-Alberta),6,X/Y,,Note: Listed locations are not exclusive and had preference for locations compatible with US 3Ds systems. Check full list for other world 3DS sytems.
666,Vivillon,Tundra (Japan-Aomori),6,X/Y,,"If priority is having same OT, use GO postcards in S/V to obtain unobtaiable forms"
666,Vivillon,Continental (Argentina-Chubut),6,X/Y,,
666,Vivillon,Garden (UK-England) [Not US compatible],6,X/Y,,
666,Vivillon,Elegant (Japan) [Not US compatible],6,X/Y,,
666,Vivillon,Meadow (France-Alsace) [Not US compatible],6,X/Y,,
666,Vivillon,Modern (Canada-Manitoba),6,X/Y,,
666,Vivillon,Marine (Chile-Antofagasta),6,X/Y,,
666,Vivillon,Archipelago (Mexico-Yucatan),6,X/Y,,
666,Vivillon,High Plains (Canada-British Columbia),6,X/Y,,
666,Vivillon,Sandstorm (Saudi Arabia-Al Bahah),6,X/Y,,
666,Vivillon,River (Australia-Capital Territory) [Not US compatible],6,X/Y,,
666,Vivillon,Monsoon (Japan-Okinawa),6,X/Y,,
666,Vivillon,Savanna (Argentina-Buenos Aires),6,X/Y,,
666,Vivillon,Sun (Belize-Belize),6,X/Y,,
666,Vivillon,Ocean (US-Hawai'i),6,X/Y,,
666,Vivillon,Jungle (Brazil-Acre),6,X/Y,,
666,Vivillon,Fancy (Event),6,X/Y,Scarlet/Violet,Event (X/Y)
666,Vivillon,Pokeball (Event),6,X/Y,,Event
667,Litleo,,6,X/Y,,"Route 22 - Grass
Route 22 - Yellow Flowers"
668,Pyroar,,6,X/Y,,
668,Pyroar,Female,6,X/Y,,
669,Flabébé,Red,6,X/Y,,"Route 4 - Red Flowers
Route 4 - Red Flowers
Route 4 - Red Flowers
Route 4 - Yellow Flowers
Route 4 - Yellow Flowers
Route 4 - Yellow Flowers
Route 7 - Grass
Route 7 - Grass
Route 7 - Purple Flowers
Route 7 - Purple Flowers
Route 7 - Purple Flowers
Route 7 - Yellow Flowers
Route 7 - Yellow Flowers
Route 7 - Yellow Flowers"
669,Flabébé,Yellow,6,X/Y,,
669,Flabébé,Orange,6,X/Y,,
669,Flabébé,Blue,6,X/Y,,
669,Flabébé,White,6,X/Y,,
670,Floette,Red,6,X/Y,,
670,Floette,Yellow,6,X/Y,,
670,Floette,Orange,6,X/Y,,
670,Floette,Blue,6,X/Y,,
670,Floette,White,6,X/Y,,
671,Florges,Red,6,X/Y,,
671,Florges,Yellow,6,X/Y,,
671,Florges,Orange,6,X/Y,,
671,Florges,Blue,6,X/Y,,
671,Florges,White,6,X/Y,,
672,Skiddo,,6,X/Y,,"Route 5 - Grass
Route 5 - Purple Flowers"
673,Gogoat,,6,X/Y,,
674,Pancham,,6,X/Y,,"Route 5 - Grass
Route 5 - Purple Flowers
Friend Safari"
675,Pangoro,,6,X/Y,,
676,Furfrou,,6,X/Y,,"Route 5 - Grass
Route 5 - Purple Flowers"
676,Furfrou,Heart,7.5,GO,,
676,Furfrou,Star,7.5,GO,,
676,Furfrou,Diamond,7.5,GO,,
676,Furfrou,Debutante,7.5,GO,,
676,Furfrou,Matron,7.5,GO,,
676,Furfrou,Dandy,7.5,GO,,
676,Furfrou,La Reine,7.5,GO,,
676,Furfrou,Kabuki,7.5,GO,,
676,Furfrou,Pharaoh,7.5,GO,,
677,Espurr,,6,X/Y,,"Route 6 - Tall Grass
Friend Safari"
678,Meowstic,,6,X/Y,,"Evolve from male Espurr, Route 6 - Tall Grass"
678,Meowstic,Female,6,X/Y,,
679,Honedge,,6,X/Y,,Route 6 - Tall Grass
680,Doublade,,6,X/Y,,
681,Aegislash,,6,X/Y,,
682,Spritzee,,6,Y,,"Route 7 - Grass
Route 7 - Purple Flowers
Route 7 - Yellow Flowers
Friend Safari"
683,Aromatisse,,6,Y,,Evolves from Spritzee
684,Swirlix,,6,X,,"Route 7 - Grass
Route 7 - Purple Flowers
Route 7 - Yellow Flowers
Friend Safari"
685,Slurpuff,,6,X,,
686,Inkay,,6,X/Y,,"Route 8 - Grass
Route 8 - Yellow Flowers
Azure Bay - Grass
Friend Safari"
687,Malamar,,6,X/Y,,
688,Binacle,,6,X/Y,,"Route 8 - Rock Smash
Route 12 - Rock Smash
Ambrette Town - Rock Smash
Azure Bay - Rock Smash"
689,Barbaracle,,6,X/Y,,
690,Skrelp,,6,Y,,"Route 8 - Good Rod
Cyllage City - Good Rod
Ambrette Town - Good Rod"
691,Dragalge,,6,Y,,Evolves from Skrelp
692,Clauncher,,6,X,,"Route 8 - Good Rod
Cyllage City - Good Rod
Ambrette Town - Good Rod"
693,Clawitzer,,6,X,,
694,Helioptile,,6,X/Y,,"Route 9 - Grass
Friend Safari"
695,Heliolisk,,6,X/Y,,
696,Tyrunt,,6,X/Y,,Glimmering cave right before 2nd gym. Ambrette Town Fossil Lab (Jaw fossil)
697,Tyrantrum,,6,X/Y,,
698,Amaura,,6,X/Y,,Glimmering cave right before 2nd gym. Ambrette Town Fossil Lab (Sail fossil)
699,Aurorus,,6,X/Y,,
700,Sylveon,,1,Red/Blue/Yellow,LG: Pikachu/Eevee,
701,Hawlucha,,6,X/Y,,"Route 10 - Grass
Route 10 - Yellow Flowers
Friend Safari"
702,Dedenne,,6,X/Y,,"Route 11 - Grass
Friend Safari"
703,Carbink,,6,X/Y,,"Reflection Cave - 1F - Grass
Reflection Cave - 1F - Horde
Reflection Cave - B1F - Grass
Reflection Cave - B1F - Horde
Reflection Cave - B2F - Grass
Reflection Cave - B2F - Horde
Reflection Cave - B3F - Grass
Reflection Cave - B3F - Horde"
704,Goomy,x3 (hisui),6,X/Y,,"Route 14 - Grass
Route 14 - Water
Route 14 - Surf"
705,Sliggoo,,6,X/Y,,"Route 19 - Purple Flowers
Route 19 - Water
Route 19 - Surf
Route 19 - Yellow Flowers
Friend Safari"
705,Sliggoo,Hisuian,6,X/Y,,Evolves from Goomy at level 40
706,Goodra,,6,X/Y,,
706,Goodra,Hisuian,6,X/Y,,Evolves from Sliggoo at level 50 during rain or fog in the overworld
707,Klefki,,6,X/Y,,"Route 15 - Grass
Route 15 - Horde
Route 15 - Red Flowers
Route 16 - Horde
Route 16 - Tall Grass
Route 16 - Yellow Flowers
Lost Hotel - Grass
Friend Safari"
708,Phantump,,6,X/Y,,"Route 16 - Tall Grass
Route 16 - Yellow Flowers
Friend Safari"
709,Trevenant,,6,X/Y,,"Route 20 - Grass
Route 20 - Horde
Route 20 - Red Flowers"
710,Pumpkaboo,Small,6,X/Y,,"Route 16 - Tall Grass
Route 16 - Tall Grass
Route 16 - Tall Grass
Route 16 - Tall Grass
Friend Safari"
710,Pumpkaboo,Medium,6,X/Y,,
710,Pumpkaboo,Large,6,X/Y,,
710,Pumpkaboo,Super,6,X/Y,,
711,Gourgeist,Small,6,X/Y,,
711,Gourgeist,Medium,6,X/Y,,
711,Gourgeist,Large,6,X/Y,,
711,Gourgeist,Super,6,X/Y,,
712,Bergmite,x2 (hisui),6,X/Y,,"Frost Cavern - 1F - Grass
Frost Cavern - 2F - Grass
Frost Cavern - 3F - Grass
Friend Safari"
713,Avalugg,,6,X/Y,,
713,Avalugg,Hisuian,6,X/Y,,
714,Noibat,,6,X/Y,,"Terminus Cave - 1F - Special
Terminus Cave - B1F - Special
Terminus Cave - B2F - Special
Terminus Cave - B3F - Special
Terminus Cave - 2F Left - Special
Terminus Cave - 2F Right - Special
Friend Safari"
715,Noivern,,6,X/Y,,
716,Xerneas,,6,X,,Team Flare Secret HQ - Basement - Interact
717,Yveltal,,6,Y,,"Team Flare Secret HQ - Basement - Interact
 "
718,Zygarde,10%,7,Sun/Moon,US/UM,
718,Zygarde,10% Power Construct,7,Sun/Moon,US/UM,
719,Zygarde,50%,6,X/Y,,Terminus Cave - B3F - Interact
720,Zygarde,50% Power Construct,7,Sun/Moon,US/UM,
720,Diancie,,6,X/Y,,Event (powersaves)
721,Hoopa,Confined,6,X/Y,,Event (powersaves)
722,Hoopa,Unbound,6,X/Y,,"Event (powersaves), convert form in USUM or SV"
723,Volcanion,,6,X/Y,,Event (powersaves)
724,Rowlet,x2 (hisui),7,Sun/Moon,US/UM,
724,Dartrix,,7,Sun/Moon,US/UM,
725,Decidueye,,7,Sun/Moon,US/UM,
726,Decidueye,Hisuian,7,Sun/Moon,US/UM,Evolves from Dartrix at level 36
727,Litten,,7,Sun/Moon,US/UM,
728,Torracat,,7,Sun/Moon,US/UM,
729,Incineroar,,7,Sun/Moon,US/UM,
730,Popplio,,7,Sun/Moon,US/UM,
731,Brionne,,7,Sun/Moon,US/UM,
732,Primarina,,7,Sun/Moon,US/UM,
733,Pikipek,,7,Sun/Moon,US/UM,
734,Trumbeak,,7,Sun/Moon,US/UM,"Route 5, Route 8, Lush Jungle, Route 11, Poni Grove, Poni Plains	Evolves at level 28."
735,Toucannon,,7,Sun/Moon,US/UM,"Route 11, Poni Grove, Poni Plains	SOS only. Has the unique move Beak Blast."
736,Yungoos,,7,Sun/Moon,US/UM,
737,Gumshoos,,7,Sun/Moon,US/UM,"Route 8, Memorial Hill, Akala Outskirts, Route 10, Tapu Village, Route 14, Route 15, Route 16, Route 17, Mount Lanakila, Poni Plains"
738,Grubbin,,7,Sun/Moon,US/UM,
739,Charjabug,,7,Sun/Moon,US/UM,
740,Vikavolt,,7,Sun/Moon,US/UM,Level up charjabug at electric rock
741,Crabrawler,,7,Sun/Moon,US/UM,
741,Crabominable,,7,Sun/Moon,US/UM,"Evolves from Crabrawler: Route 3, Kala’e Bay, Route 2, Berry Fields, Route 4, Route 5, Route 8, Route 10, Ula’ula Beach, Route 15, Route 16, Route 17, Poni Wilds, Poni Plains	Evolves via level-up at the top of Mount Lanakila."
741,Oricorio,Baile (Red),7,Sun/Moon,US/UM,"Melemele Meadow, Route 6, Ula’ula Meadow, Poni Meadow"
741,Oricorio,Pom-pom (yellow),7,Sun/Moon,US/UM,
742,Oricorio,Pa'u (pink),7,Sun/Moon,US/UM,"Melemele Meadow, Route 6, Ula’ula Meadow, Poni Meadow"
743,Oricorio,Sensu (purple),7,Sun/Moon,US/UM,"Melemele Meadow, Route 6, Ula’ula Meadow, Poni Meadow"
744,Cutiefly,,7,Sun/Moon,US/UM,
744,Ribombee,,7,Sun/Moon,US/UM,"Ula’ula Meadow, Poni Meadow or evolves from Cutiefly at level 25"
745,Rockruff,,7,Sun/Moon,US/UM,
745,Rockruff,Own Tempo,7,Sun/Moon,US/UM,Event (powersaves)
745,Lycanroc,Midday,7,Sun/Moon,US/UM,Vast Poni Canyon
746,Lycanroc,Midnight,7,Sun/Moon,US/UM,
747,Lycanroc,Dusk,7,Sun/Moon,US/UM,Vast Poni Canyon
748,Wishiwashi,,7,Sun/Moon,US/UM,
749,Mareanie,,7,Sun/Moon,US/UM,"Route 1 (Hau’oli Outskirts), Route 1, Melemele Sea, Melemele Sea, Hau’oli City (Beachfront), Route 9	SOS only. Evolves at level 38."
750,Toxapex,,7,Sun/Moon,US/UM,Evolves from Mareanie at level 38
751,Mudbray,,7,Sun/Moon,US/UM,"Route 4, Route 6, Paniola Ranch, Route 12, Blush Mountain	Evolves at level 30."
752,Mudsdale,,7,Sun/Moon,US/UM,"Route 12, Blush Mountain, Poni Plains"
753,Dewpider,,7,Sun/Moon,US/UM,Brooklet Hill (day)        Evolves at level 22.
754,Araquanid,,7,Sun/Moon,US/UM,Malie Garden
755,Fomantis,,7,Sun/Moon,US/UM,
756,Lurantis,,7,Sun/Moon,US/UM,"Evolves from Fomantis: Route 5, Lush Jungle	Evolves at level 34 during the day."
757,Morelull,,7,Sun/Moon,US/UM,"Brooklet Hill (night - Sun 18:00-06:00, Moon 06:00-18:00) Lush Jungle        Evolves at level 24."
758,Shiinotic,,7,Sun/Moon,US/UM,"Route 11 (night - Sun 18:00-06:00, Moon 06:00-18:00)"
759,Salandit,,7,Sun/Moon,US/UM,"Route 8, Wela Volcano Park, Lush Jungle	Evolves at level 33 only if female. 12.5% of Salandit are female."
760,Salazzle,,7,Sun/Moon,US/UM,
761,Stufful,,7,Sun/Moon,US/UM,"Route 8, Memorial Hill, Akala Outskirts	Evolves at level 27."
762,Bewear,,7,Sun/Moon,US/UM,Poni Gauntlet
763,Bounsweet,,7,Sun/Moon,US/UM,
764,Steenee,,7,Sun/Moon,US/UM,Lush Jungle	Evolves via level-up knowing Stomp.
765,Tsareena,,7,Sun/Moon,US/UM,Evolves from Tsareena
766,Comfey,,7,Sun/Moon,US/UM,Lush Jungle
767,Oranguru,,7,Moon,UM,Lush Jungle
768,Passimian,,7,Sun,US,Lush Jungle
769,Wimpod,,7,Sun/Moon,US/UM,"Route 8, Dividing Peak Tunnel, Ancient Poni Path, Poni Breaker Coast	Evolves at level 30."
770,Golisopod,,7,Sun/Moon,US/UM,Evolves from Wimpod
771,Sandygast,,7,Sun/Moon,US/UM,"Hano Grand Resort, Hano Beach	Evolves at level 42."
772,Palossand,,7,Sun/Moon,US/UM,Evolves from Sandygast
773,Pyukumuku,,7,Sun/Moon,US/UM,
774,Type: Null,,7,Sun/Moon,US/UM,Aether House or Ancient Poni Path (Gift; post-game)	Evolves by level-up with high happiness.
774,Silvally,,7,Sun/Moon,US/UM,Evolves from Type: Null
774,Minior,Red,7,Sun/Moon,US/UM,Mount Hokulani
774,Minior,Orange,7,Sun/Moon,US/UM,Mount Hokulani
774,Minior,Yellow,7,Sun/Moon,US/UM,Mount Hokulani
774,Minior,Green,7,Sun/Moon,US/UM,Mount Hokulani
774,Minior,Blue,7,Sun/Moon,US/UM,Mount Hokulani
775,Minior,Indigo,7,Sun/Moon,US/UM,Mount Hokulani
776,Minior,Violet,7,Sun/Moon,US/UM,
777,Komala,,7,Sun/Moon,US/UM,Route 11
778,Turtonator,,7,Sun,US,Blush Mountain
779,Togedemaru,,7,Sun/Moon,US/UM,Blush Mountain
780,Mimikyu,,7,Sun/Moon,US/UM,Thrifty Megamart (Abandoned Site)
781,Bruxish,,7,Sun/Moon,US/UM,"Route 13, Tapu Village, Route 14, Route 15, Route 16"
782,Drampa,,7,Moon,UM,Mount Lanakila
783,Dhelmise,,7,Sun/Moon,US/UM,Seafolk Village
784,Jangmo-o,,7,Sun/Moon,US/UM,Vast Poni Canyon	Evolves at level 35.
785,Hakamo-o,,7,Sun/Moon,US/UM,Evolves from Jangmo-o at level 35
786,Kommo-o,,7,Sun/Moon,US/UM,Evolves from Hakamo-o at level 45
787,Tapu Koko,,7,Sun/Moon,US/UM,
788,Tapu Lele,,7,Sun/Moon,US/UM,Ruins of Life        Post-game.
789,Tapu Bulu,,7,Sun/Moon,US/UM,Ruins of Abundance	Post-game.
790,Tapu Fini,,7,Sun/Moon,US/UM,Ruins of Hope	Post-game.
791,Cosmog,,7,Sun/Moon,US/UM,Lake of the Sunne/Moone	Post-game only. Evolves at level 43.
792,Cosmoem,,7,Sun/Moon,US/UM,Evolves from Cosmog at level 43
793,Solgaleo,,7,Sun,US,"Mahalo Trail, Evolves from Cosmoem at level 53"
794,Lunala,,7,Moon,UM,
795,Nihilego,,7,Sun/Moon,US/UM,
796,Buzzwole,,7,Sun,US,Ultra Jungle	Multiple. Ultra Sun only. From white Ultra Wormholes.
797,Pheromosa,,7,Moon,UM,
798,Xurkitree,,7,Sun/Moon,US/UM,
799,Celesteela,,7,Moon,UM,
800,Kartana,,7,Sun,US,Ultra Forest	Multiple. Ultra Sun only. From white Ultra Wormholes.
801,Guzzlord,,7,Sun/Moon,US/UM,
801,Necrozma,,7,Sun/Moon,US/UM,Mount Lanakila	End of the story. Only can be caught after third battle with it.
802,Magearna,,7,Sun/Moon,US/UM,
803,Magearna,Original Color,7.5,Pokemon Home,,
804,Marshadow,,7,Sun/Moon,US/UM,
805,Poipole,,7,US/UM,,
806,Naganadel,,7,US/UM,,
807,Stakataka,,7,Ultra Moon,,Poni Grove	Ultra Moon only. Two only. Post-game.
808,Blacephalon,,7,Ultra Sun,,Poni Grove	Ultra Sun only. Two only. Post-game.
809,Zeraora,,7,Ultra Sun,,Event
809,Meltan,,,GO,,Transfer to LG:PE from GO to remove GO mark in HOME
810,Melmetal,,,GO,,
811,Grookey,,8,Sword/Shield,,
812,Thwackey,,8,Sword/Shield,,
813,Rillaboom,,8,Sword/Shield,,
814,Scorbunny,,8,Sword/Shield,,
815,Raboot,,8,Sword/Shield,,
816,Cinderace,,8,Sword/Shield,,Evolves at level 35
817,Sobble,,8,Sword/Shield,,
818,Drizzile,,8,Sword/Shield,,
819,Inteleon,,8,Sword/Shield,,
820,Skwovet,,8,Sword/Shield,,
821,Greedent,,8,Sword/Shield,,Evolves at level 24
822,Rookidee,,8,Sword/Shield,,
823,Corvisquire,,8,Sword/Shield,,
824,Corviknight,,8,Sword/Shield,,Evolves at level 38
825,Blipbug,,8,Sword/Shield,,
826,Dottler,,8,Sword/Shield,,
827,Orbeetle,,8,Sword/Shield,,
828,Nickit,,8,Sword/Shield,,
829,Thievul,,8,Sword/Shield,,
830,Gossifleur,,8,Sword/Shield,,
831,Eldegoss,,8,Sword/Shield,,
832,Wooloo,,8,Sword/Shield,,
833,Dubwool,,8,Sword/Shield,,Evolves at level 24
834,Chewtle,,8,Sword/Shield,,
835,Drednaw,,8,Sword/Shield,,
836,Yamper,,8,Sword/Shield,,
837,Boltund,,8,Sword/Shield,,
838,Rolycoly,,8,Sword/Shield,,
839,Carkol,,8,Sword/Shield,,
840,Coalossal,,8,Sword/Shield,,Evolves at level 34
841,Applin,,8,Sword/Shield,,"Route 5, Dusty Bowl, Giant's Mirror, Stony Wilderness
Axew's Eye, Bridge Field, Dappled Grove, Giant's Mirror, Rolling Fields, Stony Wilderness (Max Raid Battle)"
842,Flapple,,8,Sword,,"Evolves from Applin, caught at Route 5, Dusty Bowl, Giant's Mirror, Stony Wilderness
Axew's Eye, Bridge Field, Dappled Grove, Giant's Mirror, Rolling Fields, Stony Wilderness (Max Raid Battle)

Axew's Eye, Bridge Field, Dappled Grove, Giant's Mirror, Stony Wilderness (Max Raid Battle)
Dappled Grove (Max Raid Battle) ( Factor)"
843,Appletun,,8,Shield,,
844,Silicobra,,8,Sword/Shield,,"Route 6
Dusty Bowl (Max Raid Battle)"
845,Sandaconda,,8,Sword/Shield,,
846,Cramorant,,8,Sword/Shield,,"Route 9, Bridge Field, Lake of Outrage, Stony Wilderness
Axew's Eye (Wanderer)
Giant's Cap, Hammerlocke Hills (Max Raid Battle)"
847,Arrokuda,,8,Sword/Shield,,"Route 2, Hulbury, Motostoke Riverbank
East Lake Axewell, West Lake Axewell, South Lake Miloch, North Lake Miloch, Bridge Field, Giant's Cap, Lake of Outrage, Giant's Mirror (Max Raid Battle)"
848,Barraskewda,,8,Sword/Shield,,
849,Toxel,,8,Sword/Shield,,"Received from a Pokémon Breeder inside the Pokémon Nursery on Route 5
Route 7, Hammerlocke Hills, Giant's Cap, Stony Wilderness, Bridge Field, Motostoke Riverbank
East Lake Axewell, North Lake Miloch, Motostoke Riverbank, Giant's Cap, Lake of Outrage, Giant's Mirror, Hammerlocke Hills (Max Raid Battle)"
849,Toxtricity,"Amped, ",8,Sword/Shield,,
850,Toxtricity,Low-key,8,Sword/Shield,,
851,Sizzlipede,,8,Sword/Shield,,
852,Centiskorch,,8,Sword/Shield,,evolves from Sizzlipede starting at level 28.
853,Clobbopus,,8,Sword/Shield,,
854,Grapploct,,8,Sword/Shield,,
854,Sinistea,Phony,8,Sword/Shield,,
855,Sinistea,Antique,8,Sword/Shield,,"Glimwood Tangle
Stony Wilderness, Watchtower Ruins, South Lake MilochSh, Giant's MirrorSh (Max Raid Battle)"
855,Polteageist,Phony,8,Sword/Shield,,
856,Polteageist,Antique,8,Sword/Shield,,
857,Hatenna,,8,Sword/Shield,,"Trade Maractus in Stow-on-SideSw
Hammerlocke Hills, Motostoke Outskirts, Stony Wilderness
Bridge Field, Hammerlocke Hills, Motostoke Riverbank, Stony Wilderness, Watchtower Ruins (Max Raid Battle)"
858,Hattrem,,8,Sword/Shield,,32
859,Hatterene,,8,Sword/Shield,,42
860,Impidimp,,8,Sword/Shield,,
861,Morgrem,,8,Sword/Shield,,32
862,Grimmsnarl,,8,Sword/Shield,,42
863,Obstagoon,,8,Sword/Shield,,Evolves from Galarian Linoone at level 35 at night
864,Perrserker,,8,Sword/Shield,,Evolves from Galarian Meowth at level 28
865,Cursola,,8,Shield,,evolves from Galarian Corsola starting at level 38
866,Sirfetch’d,,8,Sword,,Evolves from Galarian Farfetch'd after landing three critical hits in a single battle.
867,Mr. Rime,,8,Sword/Shield,,42
868,Runerigus,,8,Sword/Shield,,evolves from Galarian Yamask when the player travels under the large rock arch in Dusty Bowl after Yamask takes at least 49 HP in damage from attacks without fainting
869,Milcery,,8,Sword/Shield,,"Route 4, Bridge Field, Giant's Mirror
Bridge Field, Lake of Outrage (Max Raid Battle)"
869,Alcremie,Vanilla Strawberry,8,Sword/Shield,,One must be ed
869,Alcremie,Vanilla Berry,8,Sword/Shield,,Can obtain Star and Ribbon Sweets via Cram-o-matic
869,Alcremie,Vanilla Love,8,Sword/Shield,,
869,Alcremie,Vanilla Flower,8,Sword/Shield,,
869,Alcremie,Vanilla Clover,8,Sword/Shield,,
869,Alcremie,Vanilla Star,8,Sword/Shield,,
869,Alcremie,Vanilla Ribbon,8,Sword/Shield,,
869,Alcremie,Ruby Cream Strawberry,8,Sword/Shield,,
869,Alcremie,Ruby Cream Berry,8,Sword/Shield,,
869,Alcremie,Ruby Cream Love,8,Sword/Shield,,
869,Alcremie,Ruby Cream Flower,8,Sword/Shield,,
869,Alcremie,Ruby Cream Clover,8,Sword/Shield,,
869,Alcremie,Ruby Cream Star,8,Sword/Shield,,
869,Alcremie,Ruby Cream Ribbon,8,Sword/Shield,,
869,Alcremie,Matcha Strawberyy,8,Sword/Shield,,
869,Alcremie,Mactha Berry,8,Sword/Shield,,
869,Alcremie,Matcha Love,8,Sword/Shield,,
869,Alcremie,Matcha Flower,8,Sword/Shield,,
869,Alcremie,Matcha Clover,8,Sword/Shield,,
869,Alcremie,Matcha Star,8,Sword/Shield,,
869,Alcremie,Matcha Ribbon,8,Sword/Shield,,
869,Alcremie,Mint Strawberry,8,Sword/Shield,,
869,Alcremie,Mint Berry,8,Sword/Shield,,
869,Alcremie,Mint Love,8,Sword/Shield,,
869,Alcremie,Mint Flower,8,Sword/Shield,,
869,Alcremie,Mint Clover,8,Sword/Shield,,
869,Alcremie,Mint Star,8,Sword/Shield,,
869,Alcremie,Mint Ribbon,8,Sword/Shield,,
869,Alcremie,Lemon Strawberry,8,Sword/Shield,,
869,Alcremie,Lemon Berry,8,Sword/Shield,,
869,Alcremie,Lemon Love,8,Sword/Shield,,
869,Alcremie,Lemon Flower,8,Sword/Shield,,
869,Alcremie,Lemon Clover,8,Sword/Shield,,
869,Alcremie,Lemon Star,8,Sword/Shield,,
869,Alcremie,Lemon Ribbon,8,Sword/Shield,,
869,Alcremie,Salted Strawberry,8,Sword/Shield,,
869,Alcremie,Salted Berry,8,Sword/Shield,,
869,Alcremie,Salted Love,8,Sword/Shield,,
869,Alcremie,Salted Flower,8,Sword/Shield,,
869,Alcremie,Salted Clover,8,Sword/Shield,,
869,Alcremie,Salted Star,8,Sword/Shield,,
869,Alcremie,Salted Ribbon,8,Sword/Shield,,
869,Alcremie,Ruby Swirl Strawberry,8,Sword/Shield,,
869,Alcremie,Ruby Swirl Berry,8,Sword/Shield,,
869,Alcremie,Ruby Swirl Love,8,Sword/Shield,,
869,Alcremie,Ruby Swirl Flower,8,Sword/Shield,,
869,Alcremie,Ruby Swirl Clover,8,Sword/Shield,,
869,Alcremie,Ruby Swirl Star,8,Sword/Shield,,
869,Alcremie,Ruby Swirl Ribbon,8,Sword/Shield,,
869,Alcremie,Caramel Strawberry,8,Sword/Shield,,
869,Alcremie,Caramel Berry,8,Sword/Shield,,
869,Alcremie,Caramel Love,8,Sword/Shield,,
869,Alcremie,Caramel Flower,8,Sword/Shield,,
869,Alcremie,Caramel Clover,8,Sword/Shield,,
869,Alcremie,Caramel Star,8,Sword/Shield,,
869,Alcremie,Caramel Ribbon,8,Sword/Shield,,
869,Alcremie,Rainbow Strawberry,8,Sword/Shield,,
869,Alcremie,Rainbow Berry,8,Sword/Shield,,
869,Alcremie,Rainbow Love,8,Sword/Shield,,
869,Alcremie,Rainbow Flower,8,Sword/Shield,,
869,Alcremie,Rainbow Clover,8,Sword/Shield,,
869,Alcremie,Rainbow Star,8,Sword/Shield,,
870,Alcremie,Rainbow Ribbon,8,Sword/Shield,,
871,Falinks,,8,Sword/Shield,,
872,Pincurchin,,8,Sword/Shield,,"Route 9
Giant's Mirror, Lake of Outrage, Motostoke Riverbank (Max Raid Battle)"
873,Snom,,8,Sword/Shield,,"Routes 8 and 10, Lake of Outrage
Giant's Cap, Hammerlocke Hills, Stony Wilderness (Max Raid Battle)"
874,Frosmoth,,8,Sword/Shield,,Evolves from Snom when leveled up with high friendship at night
875,Stonjourner,,8,Sword,,"Route 10, Lake of Outrage
Giant's Seat, Rolling Fields, Stony Wilderness (Max Raid Battle)"
876,Eiscue,,8,Shield,,"Route 10, Lake of Outrage
Dusty Bowl, Giant's Cap, Giant's Seat, Hammerlocke Hills, Stony Wilderness (Max Raid Battle)"
876,Indeedee,,8,Sword,,"Version exclusive in wild, but eggs can be either gender"
877,Indeedee,Female,8,Shield,,
878,Morpeko,,8,Sword/Shield,,"Routes 7 and 9, Lake of Outrage
Giant's Mirror, Motostoke Riverbank, Lake of Outrage (Max Raid Battle)"
879,Cufant,,8,Sword/Shield,,"Bridge Field
Dusty Bowl, Giant's Seat (Max Raid Battle)"
880,Copperajah,,8,Sword/Shield,,34
881,Dracozolt,Bird and Drake,8,Sword/Shield,,
882,Arctozolt,Bird and Dino,8,Sword/Shield,,
883,Dracovish,Fish and Drake,8,Sword/Shield,,
884,Arctovish,Fish and Dino,8,Sword/Shield,,
885,Duraludon,"x2 (Archaludon), ",8,Sword/Shield,,"Route 10, Giant's Seat, Lake of Outrage
Trade Frosmoth in Wyndon
Giant's Seat, Stony Wilderness, Dusty Bowl (Max Raid Battle)
Giant's Seat (Max Raid Battle) ( Factor)"
886,Dreepy,,8,Sword/Shield,,"Lake of Outrage
Axew's Eye, Rolling Fields (Max Raid Battle)"
887,Drakloak,,8,Sword/Shield,,50
888,Dragapult,,8,Sword/Shield,,60
889,Zacian,,8,Sword,,Tower Summit (Only one)
890,Zamazenta,,8,Shield,,
891,Eternatus,,8,Sword/Shield,,
892,Kubfu,,8,Sword/Shield,,Expansion Pass: Received from Mustard at the Master Dojo after completing his trials
892,Urshifu,"Single, ",8,Sword/Shield,,Expansion Pass: Kubfu evolves into Single Strike Style Urshifu upon observing the scroll in the Tower of Darkness or when exposed to the Scroll of Darkness.
893,Urshifu,Rapid. ,8,Sword/Shield,,Expansion Pass: Kubfu evolves into Rapid Strike Style Urshifu upon observing the scroll in the Tower of Waters or when exposed to the Scroll of Waters.
893,Zarude,,8,Sword/Shield,,Event (unobtainable at time of writing) - maybe possible in pkhex?
894,Zarude,Dada,8,Sword/Shield,,Event (unobtainable at time of writing) - maybe possible in pkhex?
895,Regieleki,,8,Sword/Shield,,"Expansion Pass: Split-Decision Ruins (Only one, choice between it and Regidrago)"
896,Regidrago,,8,Sword/Shield,,"Expansion Pass: Split-Decision Ruins (Only one, choice between it and Regieleki)"
897,Glastrier,,8,Sword/Shield,,"Expansion Pass: Crown Shrine (Only one, if the player obtained the Iceroot Carrot)"
898,Spectrier,,8,Sword/Shield,,"Expansion Pass: Crown Shrine (Only one, if the player obtained the Shaderoot Carrot)"
899,Calyrex,,8,Sword/Shield,,Expansion Pass: Crown Shrine (Only one) (The form depends on which carrot the player obtained)
900,Wyrdeer,,8.5,Gold/Silver/Crystal,HGSS,Evolves from Stantler after using Psyshield Bash in the agile style at least 20 times.
901,Kleavor,,8.5,Red/Yellow,LG: Pikachu,Evolves from Scyther when exposed to a Black Augurite.
901,Ursaluna,,8.5,Gold/Crystal,HGSS,Evolves from Ursaring when exposed to a Peat Block during a full moon.
902,Ursaluna,Bloodmoon,9,Violet,,
902,Basculegion,,8.5,Arceus,,Evolves from white-striped Basculin when leveled up after losing at least 294 HP from recoil damage without fainting.
903,Basculegion,Female,8.5,Arceus,,Evolves from white-striped Basculin when leveled up after losing at least 294 HP from recoil damage without fainting.
904,Sneasler,,8.5,Arceus,,Evolves from Sneasel when leveled up while holding a Razor Claw during the day
905,Overqwil,,8.5,Arceus,,Evolves from hisuian Qwilfish when leveled up while knowing Barb Barrage.
905,Enamorus,Therian Form,8.5,Arceus,,"While it is not known to evolve into or from any Pokémon, Enamorus has a second form activated by using the Reveal Glass. Its original form, Incarnate Forme, will then become Therian Forme."
906,Enamorus,Incarnate Form,8.5,Arceus,,Crimson Mirelands: Scarlet Bog (Only one) (Incarnate Forme)
907,Sprigatito,,9,Scarlet/Violet,,
908,Floragato,,9,Scarlet/Violet,,
909,Meowscarada,,9,Scarlet/Violet,,
910,Fuecoco,,9,Scarlet/Violet,,
911,Crocalor,,9,Scarlet/Violet,,
912,Skeledirge,,9,Scarlet/Violet,,
913,Quaxly,,9,Scarlet/Violet,,
914,Quaxwell,,9,Scarlet/Violet,,
915,Quaquaval,,9,Scarlet/Violet,,
916,Lechonk,,9,Scarlet/Violet,,
916,Oinkologne,,9,Scarlet/Violet,,
917,Oinkologne,Female,9,Scarlet/Violet,,
918,Tarountula,,9,Scarlet/Violet,,
919,Spidops,,9,Scarlet/Violet,,
920,Nymble,,9,Scarlet/Violet,,
921,Lokix,,9,Scarlet/Violet,,
922,Pawmi,,9,Scarlet/Violet,,
923,Pawmo,,9,Scarlet/Violet,,
924,Pawmot,,9,Scarlet/Violet,,
925,Tandemaus,,9,Scarlet/Violet,,
925,Maushold,Family of 3,9,Scarlet/Violet,,
926,Maushold,Family of 4,9,Scarlet/Violet,,
927,Fidough,,9,Scarlet/Violet,,
928,Dachsbun,,9,Scarlet/Violet,,
929,Smoliv,,9,Scarlet/Violet,,
930,Dolliv,,9,Scarlet/Violet,,
931,Arboliva,,9,Scarlet/Violet,,
931,Squawkabilly,Green,9,Scarlet/Violet,,
931,Squawkabilly,Blue,9,Scarlet/Violet,,
931,Squawkabilly,Yellow,9,Scarlet/Violet,,
932,Squawkabilly,White,9,Scarlet/Violet,,
933,Nacli,,9,Scarlet/Violet,,
934,Naclstack,,9,Scarlet/Violet,,
935,Garganacl,,9,Scarlet/Violet,,
936,Charcadet,,9,Scarlet/Violet,,
937,Armarouge,,9,Scarlet,,
938,Ceruledge,,9,Violet,,
939,Tadbulb,,9,Scarlet/Violet,,
940,Bellibolt,,9,Scarlet/Violet,,
941,Wattrel,,9,Scarlet/Violet,,
942,Kilowattrel,,9,Scarlet/Violet,,
943,Maschiff,,9,Scarlet/Violet,,
944,Mabosstiff,,9,Scarlet/Violet,,
945,Shroodle,,9,Scarlet/Violet,,
946,Grafaiai,,9,Scarlet/Violet,,
947,Bramblin,,9,Scarlet/Violet,,
948,Brambleghast,,9,Scarlet/Violet,,
949,Toedscool,,9,Scarlet/Violet,,
950,Toedscruel,,9,Scarlet/Violet,,
951,Klawf,,9,Scarlet/Violet,,
952,Capsakid,,9,Scarlet/Violet,,
953,Scovillain,,9,Scarlet/Violet,,
954,Rellor,,9,Scarlet/Violet,,
955,Rabsca,,9,Scarlet/Violet,,
956,Flittle,,9,Scarlet/Violet,,
957,Espathra,,9,Scarlet/Violet,,
958,Tinkatink,,9,Scarlet/Violet,,
959,Tinkatuff,,9,Scarlet/Violet,,
960,Tinkaton,,9,Scarlet/Violet,,
961,Wiglett,,9,Scarlet/Violet,,
962,Wugtrio,,9,Scarlet/Violet,,
963,Bombirdier,,9,Scarlet/Violet,,
964,Finizen,,9,Scarlet/Violet,,
965,Palafin,,9,Scarlet/Violet,,
966,Varoom,,9,Scarlet/Violet,,
967,Revavroom,,9,Scarlet/Violet,,
968,Cyclizar,,9,Scarlet/Violet,,
969,Orthworm,,9,Scarlet/Violet,,
970,Glimmet,,9,Scarlet/Violet,,
971,Glimmora,,9,Scarlet/Violet,,
972,Greavard,,9,Scarlet/Violet,,
973,Houndstone,,9,Scarlet/Violet,,
974,Flamigo,,9,Scarlet/Violet,,
975,Cetoddle,,9,Scarlet/Violet,,
976,Cetitan,,9,Scarlet/Violet,,
977,Veluza,,9,Scarlet/Violet,,
978,Dondozo,,9,Scarlet/Violet,,
978,Tatsugiri,Curly,9,Scarlet/Violet,,
978,Tatsugiri,Droopy,9,Scarlet/Violet,,
979,Tatsugiri,Stretchy,9,Scarlet/Violet,,
980,Annihilape,,1,Red/Yellow,LG: Pikachu,
981,Clodsire,,9,Scarlet/Violet,,
982,Farigiraf,,2,Gold/Silver,HGSS,Evolves from girafarig
982,Dudunsparce,2-Segment,2,Gold/Silver/Crystal,HGSS,
983,Dudunsparce,3-Segment,2,Gold/Silver/Crystal,HGSS,*Many boxes worth of dunsparse from crystal are in home
984,Kingambit,,5,Black/White,Black 2/White 2,Evolves from Bisharp upon leveling up after defeating three Bisharp that hold a Leader's Crest. (Scarlet/Violet only)
985,Great Tusk,,9,Scarlet,,
986,Scream Tail,,9,Scarlet,,
987,Brute Bonnet,,9,Scarlet,,
988,Flutter Mane,,9,Scarlet,,
989,Slither Wing,,9,Scarlet,,
990,Sandy Shocks,,9,Scarlet,,
991,Iron Treads,,9,Violet,,
992,Iron Bundle,,9,Violet,,
993,Iron Hands,,9,Violet,,
994,Iron Jugulis,,9,Violet,,
995,Iron Moth,,9,Violet,,
996,Iron Thorns,,9,Violet,,
997,Frigibax,,9,Scarlet/Violet,,
998,Arctibax,,9,Scarlet/Violet,,
999,Baxcalibur,,9,Scarlet/Violet,,
999,Gimmighoul,Box Form,9,Scarlet/Violet,,
1000,Gimmighoul,Roaming Form,7.5,Go,,Comes from GO
1001,Gholdengo,,9,Scarlet/Violet,,
1002,Wo-Chien,,9,Scarlet/Violet,,
1003,Chien-Pao,,9,Scarlet/Violet,,
1004,Ting-Lu,,9,Scarlet/Violet,,
1005,Chi-Yu,,9,Scarlet/Violet,,
1006,Roaring Moon,,9,Scarlet,,
1007,Iron Valiant,,9,Violet,,
1008,Koraidon,,9,Scarlet,,
1009,Miraidon,,9,Violet,,
1010,Walking Wake,,9,Scarlet,,
1011,Iron Leaves,,9,Violet,,
1012,Dipplin,,8,Sword/Shield,,
1012,Poltchageist,Phony,9,Scarlet/Violet,,
1013,Poltchageist,Antique,9,Scarlet/Violet,,
1013,Sinistcha,Phony,9,Scarlet/Violet,,
1014,Sinistcha,Antique,9,Scarlet/Violet,,
1015,Okidogi,,9,Scarlet/Violet,,
1016,Munkidori,,9,Scarlet/Violet,,
1017,Fezandipiti,,9,Scarlet/Violet,,
1018,Ogrepon,,9,Scarlet/Violet,,
1019,Archeludon,,8,Sword/Shield,,
1020,Hydrapple,,8,Sword/Shield,,
1021,Gouging Fire,,9,Scarlet,,
1022,Raging Bolt,,9,Scarlet,,
1023,Iron Boulder,,9,Violet,,
1024,Iron Crown,,9,Violet,,
1025,Terapagos,,9,Scarlet/Violet,,
#1027,Pecharunt,,9,Scarlet/Violet,,